PO #,Arrival Date,Invoice #,Tracking #,Ship Date,Days in House,Long Term,Machines Used,Avg Number of Days in House,,Active Orders in House
26103861,2026-04-01T07:54:55.000-04:00,72005,26103861,2026-04-03T04:00:00.000Z,2,,,5.8,,101
170120,2026-04-01T07:54:55.000-04:00,72268,,2026-04-17T04:00:00.000Z,12,,,,,
170121,2026-04-01T07:54:55.000-04:00,72270,,2026-04-17T04:00:00.000Z,12,,,,,
138259,2026-04-02T07:54:55.000-04:00,71984,138259,2026-04-02T04:00:00.000Z,0,,,,,
159229,2026-04-02T07:54:55.000-04:00,72163,,2026-04-09T04:00:00.000Z,5,,,,,
4007006,2026-04-02T07:54:55.000-04:00,72760,,2026-04-09T04:00:00.000Z,5,,,,,
4007006,2026-04-02T07:54:55.000-04:00,72253,,2026-04-16T04:00:00.000Z,10,,,,,
4007106,2026-04-03T07:54:55.000-04:00,72179,,2026-04-10T04:00:00.000Z,5,,,,,
031726-8,2026-04-03T07:54:55.000-04:00,72003,,2026-04-10T04:00:00.000Z,5,,,,,
62795,2026-04-03T07:54:55.000-04:00,72186,,2026-04-10T04:00:00.000Z,5,,,,,
62798,2026-04-03T07:54:55.000-04:00,72107,,2026-04-07T04:00:00.000Z,2,,,,,
406616,2026-04-03T07:54:55.000-04:00,72157,,2026-04-09T04:00:00.000Z,4,,,,,
62796,2026-04-03T07:54:55.000-04:00,72161,,2026-04-09T04:00:00.000Z,4,,,,,
62801,2026-04-03T07:54:55.000-04:00,72109,,2026-04-07T04:00:00.000Z,2,,,,,
164890,2026-04-03T07:54:55.000-04:00,72255,,2026-04-16T04:00:00.000Z,9,,,,,
164889,2026-04-03T07:54:55.000-04:00,72106,,2026-04-07T04:00:00.000Z,2,,,,,
62802,2026-04-03T07:54:55.000-04:00,72108,,2026-04-07T04:00:00.000Z,2,,,,,
62797,2026-04-03T07:54:55.000-04:00,72110,,2026-04-07T04:00:00.000Z,2,,,,,
406669,2026-04-06T07:54:55.000-04:00,72111,,2026-04-07T04:00:00.000Z,1,,,,,
432711,2026-04-06T08:03:57.000-04:00,72245,,2026-04-15T04:00:00.000Z,7,,,,,
338311,2026-04-06T08:06:32.000-04:00,72244,,2026-04-15T04:00:00.000Z,7,,,,,
138356,2026-04-06T08:12:06.000-04:00,72165,,2026-04-09T04:00:00.000Z,3,,,,,
5600005609,2026-04-06T08:14:45.000-04:00,73034,5600005609,2026-04-09T04:00:00.000Z,3,,,,,
5600005609,2026-04-06T08:17:35.000-04:00,73034,5600005609,2026-04-09T04:00:00.000Z,3,,,,,
5600005609,2026-04-06T08:20:30.000-04:00,73034,5600005609,2026-04-09T04:00:00.000Z,3,,,,,
408209,2026-04-06T08:23:59.000-04:00,72182,,2026-04-10T04:00:00.000Z,4,,,,,
5600005609,2026-04-06T08:44:41.000-04:00,73034,5600005609,2026-04-09T04:00:00.000Z,3,,,,,
17173,2026-04-06T09:50:33.000-04:00,72273,,2026-04-17T04:00:00.000Z,9,,,,,
431474,2026-04-06T10:23:46.000-04:00,72469,,2026-05-13T04:00:00.000Z,27,,,,,
431707,2026-04-06T10:25:34.000-04:00,72213,,2026-04-14T04:00:00.000Z,6,,,,,
17164,2026-04-06T12:09:29.000-04:00,72208,,2026-04-14T04:00:00.000Z,6,,,,,
26104002,2026-04-06T16:32:11.000-04:00,72280,,2026-04-20T04:00:00.000Z,10,,,,,
26104063,2026-04-06T16:33:55.000-04:00,72103,,2026-04-07T04:00:00.000Z,1,,,,,
26104163,2026-04-06T16:30:42.000-04:00,72251,,2026-04-16T04:00:00.000Z,8,,,,,
26104161,2026-04-06T16:34:41.000-04:00,72249,,2026-04-16T04:00:00.000Z,8,,,,,
26104184,2026-04-06T16:36:25.000-04:00,72250,,2026-04-16T04:00:00.000Z,8,,,,,
26104068,2026-04-06T16:37:36.000-04:00,72153,,2026-04-09T04:00:00.000Z,3,,,,,
26104060,2026-04-06T16:39:30.000-04:00,72159,,2026-04-09T04:00:00.000Z,3,,,,,
26104061,2026-04-06T16:40:27.000-04:00,72158,,2026-04-09T04:00:00.000Z,3,,,,,
26104061,2026-04-06T16:42:11.000-04:00,72158,,2026-04-09T04:00:00.000Z,3,,,,,
26104162,2026-04-06T16:45:23.000-04:00,72299,,2026-04-21T04:00:00.000Z,11,,,,,
26104083,2026-04-06T16:47:09.000-04:00,72104,,2026-04-07T04:00:00.000Z,1,,,,,
26102439,2026-04-06T16:49:42.000-04:00,72279,,2026-04-20T04:00:00.000Z,10,,,,,
138360,2026-04-06T16:50:42.000-04:00,72156,,2026-04-07T04:00:00.000Z,1,,,,,
62814,2026-04-06T16:53:29.000-04:00,72406,,2026-04-07T04:00:00.000Z,1,,,,,
42352,2026-04-06T16:55:42.000-04:00,72247,,2026-04-15T04:00:00.000Z,7,,,,,
42194,2026-04-06T16:57:43.000-04:00,72246,,2026-04-15T04:00:00.000Z,7,,,,,
93269,2026-04-06T16:58:38.000-04:00,72227,,2026-04-15T04:00:00.000Z,7,,,,,
4500166397,2026-04-06T17:02:33.000-04:00,72200,,2026-04-13T04:00:00.000Z,5,,,,,
4500185590,2026-04-06T17:03:46.000-04:00,72166,,2026-04-09T04:00:00.000Z,3,,,,,
5600005609,2026-04-08T07:20:21.000-04:00,73034,,2026-04-09T04:00:00.000Z,1,,,,,
5600005609,2026-04-08T07:21:25.000-04:00,73034,,2026-04-09T04:00:00.000Z,1,,,,,
1782503,2026-04-08T07:22:29.000-04:00,72162,,2026-04-09T04:00:00.000Z,1,,,,,
7013194,2026-04-08T07:23:17.000-04:00,72236,,2026-04-15T04:00:00.000Z,5,,,,,
1910,2026-04-08T16:29:56.000-04:00,72170,,2026-04-09T04:00:00.000Z,1,,,,,
4007005,2026-04-09T09:10:39.000-04:00,72254,,2026-04-16T04:00:00.000Z,5,,,,,
4007006,2026-04-09T09:11:37.000-04:00,72253,,2026-04-16T04:00:00.000Z,5,,,,,
158246,2026-04-09T09:17:49.000-04:00,72197,,2026-04-13T04:00:00.000Z,2,,,,,
26104235,2026-04-09T09:19:24.000-04:00,72188,,2026-04-10T04:00:00.000Z,1,,,,,
5600005609,2026-04-09T09:22:11.000-04:00,73034,,2026-04-10T04:00:00.000Z,1,,,,,
5600005609,2026-04-09T09:23:18.000-04:00,73034,,2026-04-10T04:00:00.000Z,1,,,,,
35282,2026-04-09T09:25:13.000-04:00,72199,,2026-04-13T04:00:00.000Z,2,,,,,
164933,2026-04-09T09:26:29.000-04:00,72205,,2026-04-13T04:00:00.000Z,2,,,,,
164934,2026-04-09T09:27:43.000-04:00,72256,,2026-04-16T04:00:00.000Z,5,,,,,
63375,2026-04-09T09:34:32.000-04:00,72266,,2026-04-17T04:00:00.000Z,6,,,,,
170231,2026-04-09T11:31:48.000-04:00,72284,,2026-04-21T04:00:00.000Z,8,,,,,
170233,2026-04-09T11:33:30.000-04:00,72282,,2026-04-21T04:00:00.000Z,8,,,,,
170234,2026-04-09T11:34:04.000-04:00,72281,,2026-04-21T04:00:00.000Z,8,,,,,
170235,2026-04-09T11:35:46.000-04:00,72210,,2026-04-14T04:00:00.000Z,3,,,,,
170236,2026-04-09T11:36:34.000-04:00,72265,,2026-04-17T04:00:00.000Z,6,,,,,
432782,2026-04-09T16:32:18.000-04:00,72203,,2026-04-13T04:00:00.000Z,2,,,,,
170232,2026-04-10T11:25:50.000-04:00,72264,,2026-04-17T04:00:00.000Z,5,,,,,
170237,2026-04-10T11:28:49.000-04:00,72263,,2026-04-17T04:00:00.000Z,5,,,,,
4007107,2026-04-10T11:55:16.000-04:00,72192,,2026-04-13T04:00:00.000Z,1,,,,,
26104081,2026-04-13T09:13:42.000-04:00,72287,,2026-04-21T04:00:00.000Z,6,,,,,
26104292,2026-04-13T09:17:20.000-04:00,72219,,2026-04-14T04:00:00.000Z,1,,,,,
26104084,2026-04-13T09:20:20.000-04:00,72223,,2026-04-14T04:00:00.000Z,1,,,,,
26104291,2026-04-13T09:21:09.000-04:00,72297,,2026-04-21T04:00:00.000Z,6,,,,,
26104085,2026-04-13T09:22:52.000-04:00,72222,,2026-04-14T04:00:00.000Z,1,,,,,
26104164,2026-04-13T09:24:26.000-04:00,72272,,2026-04-17T04:00:00.000Z,4,,,,,
5600005609,2026-04-13T10:08:46.000-04:00,73034,,2026-04-15T04:00:00.000Z,2,,,,,
1931,2026-04-13T10:12:14.000-04:00,72204,,2026-04-13T04:00:00.000Z,0,,,,,
5600005609,2026-04-13T10:17:54.000-04:00,73034,,2026-04-15T04:00:00.000Z,2,,,,,
2604024,2026-04-13T10:19:44.000-04:00,72346,,2026-04-24T04:00:00.000Z,9,,,,,
26104432,2026-04-13T10:22:43.000-04:00,72234,,2026-04-15T04:00:00.000Z,2,,,,,
102915,2026-04-13T10:26:27.000-04:00,72201,,2026-04-13T04:00:00.000Z,0,,,,,
4500185144,2026-04-13T11:11:03.000-04:00,72243,,2026-04-15T04:00:00.000Z,2,,,,,
26103205,2026-04-13T11:12:42.000-04:00,72239,,2026-04-15T04:00:00.000Z,2,,,,,
26104430,2026-04-13T11:13:49.000-04:00,72277,,2026-04-20T04:00:00.000Z,5,,,,,
26102850,2026-04-13T11:15:38.000-04:00,72271,,2026-04-17T04:00:00.000Z,4,,,,,
26104425,2026-04-13T11:16:42.000-04:00,72238,,2026-04-15T04:00:00.000Z,2,,,,,
5600005609,2026-04-13T11:19:24.000-04:00,73034,,2026-04-15T04:00:00.000Z,2,,,,,
5600005609,2026-04-13T11:22:01.000-04:00,73034,,2026-04-15T04:00:00.000Z,2,,,,,
1934,2026-04-13T11:23:17.000-04:00,72322,,2026-04-22T04:00:00.000Z,7,,,,,
102961,2026-04-13T11:25:24.000-04:00,72218,,2026-04-14T04:00:00.000Z,1,,,,,
431661,2026-04-13T11:28:15.000-04:00,72241,,2026-04-15T04:00:00.000Z,2,,,,,
406321,2026-04-13T15:57:13.000-04:00,72304,,2026-04-21T04:00:00.000Z,6,,,,,
17192,2026-04-13T16:30:38.000-04:00,72285,,2026-04-21T04:00:00.000Z,6,,,,,
5600005609,2026-04-13T16:50:09.000-04:00,73034,,2026-04-15T04:00:00.000Z,2,,,,,
138446,2026-04-14T11:14:03.000-04:00,72321,,2026-04-22T04:00:00.000Z,6,,,,,
138446,2026-04-14T11:17:15.000-04:00,72321,,2026-04-22T04:00:00.000Z,6,,,,,
PT4104,2026-04-14T12:41:51.000-04:00,72235,,2026-04-15T04:00:00.000Z,1,,,,,
PT4102,2026-04-14T12:43:30.000-04:00,72237,,2026-04-15T04:00:00.000Z,1,,,,,
70009091,2026-04-14T12:48:41.000-04:00,72324,,2026-04-22T04:00:00.000Z,6,,,,,
70008203,2026-04-14T12:52:43.000-04:00,72323,,2026-04-22T04:00:00.000Z,6,,,,,
70007900,2026-04-14T12:54:12.000-04:00,72242,,2026-04-15T04:00:00.000Z,1,,,,,
261404573,2026-04-14T13:03:24.000-04:00,72286,,2026-04-21T04:00:00.000Z,5,,,,,
407101,2026-04-14T15:04:57.000-04:00,72248,,2026-04-16T04:00:00.000Z,2,,,,,
170298,2026-04-15T08:02:18.000-04:00,72349,,2026-04-24T04:00:00.000Z,7,,,,,
170296,2026-04-15T08:04:22.000-04:00,72283,,2026-04-21T04:00:00.000Z,4,,,,,
170297,2026-04-15T08:05:09.000-04:00,72348,,2026-04-24T04:00:00.000Z,7,,,,,
232700,2026-04-15T10:21:09.000-04:00,72258,,2026-04-16T04:00:00.000Z,1,,,,,
2604044,2026-04-15T10:23:59.000-04:00,72365,,2026-04-29T04:00:00.000Z,10,,,,,
93286,2026-04-15T10:41:46.000-04:00,72345,,2026-04-24T04:00:00.000Z,7,,,,,
1932,2026-04-15T11:03:57.000-04:00,72331,,2026-04-22T04:00:00.000Z,5,,,,,
129349,2026-04-15T11:12:01.000-04:00,72240,,2026-04-15T04:00:00.000Z,0,,,,,
8020185,2026-04-15T11:15:20.000-04:00,72278,,2026-04-20T04:00:00.000Z,3,,,,,
432771,2026-04-15T11:16:22.000-04:00,72261,,2026-04-16T04:00:00.000Z,1,,,,,
9834,2026-04-15T11:45:13.000-04:00,72368,,2026-04-29T04:00:00.000Z,10,,,,,
37207,2026-04-15T11:48:20.000-04:00,72303,,2026-04-21T04:00:00.000Z,4,,,,,
26103276,2026-04-15T13:20:43.000-04:00,72276,,2026-04-20T04:00:00.000Z,3,,,,,
26104554,2026-04-15T13:22:07.000-04:00,72358,,2026-04-29T04:00:00.000Z,10,,,,,
26104569,2026-04-15T13:25:02.000-04:00,72359,,2026-04-29T04:00:00.000Z,10,,,,,
26104562,2026-04-15T13:31:46.000-04:00,72259,,2026-04-16T04:00:00.000Z,1,,,,,
26104553,2026-04-15T13:43:48.000-04:00,72260,,2026-04-16T04:00:00.000Z,1,,,,,
26104555,2026-04-15T13:44:29.000-04:00,72296,,2026-04-21T04:00:00.000Z,4,,,,,
146000,2026-04-16T07:55:14.000-04:00,72293,,2026-04-21T04:00:00.000Z,3,,,,,
146001,2026-04-16T08:16:04.000-04:00,72487,,2026-05-04T04:00:00.000Z,12,,,,,
146121,2026-04-16T09:45:56.000-04:00,,,2026-04-21T04:00:00.000Z,3,,,,,
146128,2026-04-16T09:49:10.000-04:00,72628,,2026-04-28T04:00:00.000Z,8,,,,,
4061508,2026-04-16T10:24:55.000-04:00,72819,,2026-05-05T04:00:00.000Z,13,,,,,
26104568,2026-04-17T08:04:58.000-04:00,72338,,2026-04-24T04:00:00.000Z,5,,,,,
26104493,2026-04-17T08:07:10.000-04:00,72398,,2026-05-04T04:00:00.000Z,11,,,,,
26104550,2026-04-17T08:07:55.000-04:00,72510,,2026-05-15T04:00:00.000Z,20,,,,,
RG1064392,2026-04-17T08:10:15.000-04:00,72325,,2026-04-22T04:00:00.000Z,3,,,,,
26104559,2026-04-17T08:11:06.000-04:00,72450,,2026-05-11T04:00:00.000Z,16,,,,,
26104613,2026-04-17T08:12:55.000-04:00,72452,,2026-05-11T04:00:00.000Z,16,,,,,
5600005609,2026-04-17T08:14:28.000-04:00,73034,,2026-04-23T04:00:00.000Z,4,,,,,
211,2026-04-17T09:04:19.000-04:00,72335,,2026-04-23T04:00:00.000Z,4,,,,,
1783736,2026-04-17T09:11:56.000-04:00,72275,,2026-04-20T04:00:00.000Z,1,,,,,
4004,2026-04-17T09:12:40.000-04:00,72318,,2026-04-22T04:00:00.000Z,3,,,,,
338924,2026-04-17T09:15:13.000-04:00,72360,,2026-04-29T04:00:00.000Z,8,,,,,
432843,2026-04-17T09:17:05.000-04:00,72379,,2026-04-30T04:00:00.000Z,9,,,,,
1783738,2026-04-17T10:26:15.000-04:00,72381,,2026-04-30T04:00:00.000Z,9,,,,,
1783737,2026-04-17T10:31:33.000-04:00,72342,,2026-04-24T04:00:00.000Z,5,,,,,
5600005609,2026-04-17T12:11:42.000-04:00,73034,,2026-04-30T04:00:00.000Z,9,,,,,
5600005609,2026-04-17T12:13:36.000-04:00,73034,,2026-04-30T04:00:00.000Z,9,,,,,
5600005609,2026-04-17T12:15:36.000-04:00,73034,,2026-04-30T04:00:00.000Z,9,,,,,
5600005609,2026-04-17T12:17:22.000-04:00,73034,,2026-04-30T04:00:00.000Z,9,,,,,
5600005609,2026-04-17T12:18:29.000-04:00,73034,,2026-04-30T04:00:00.000Z,9,,,,,
5600005609,2026-04-17T12:21:12.000-04:00,73034,,2026-04-30T04:00:00.000Z,9,,,,,
123f84,2026-04-17T12:22:35.000-04:00,72502,,2026-04-24T04:00:00.000Z,5,,,,,
5600005609,2026-04-17T12:26:41.000-04:00,73034,,2026-04-30T04:00:00.000Z,9,,,,,
5600005609,2026-04-17T12:28:06.000-04:00,73034,,2026-04-30T04:00:00.000Z,9,,,,,
5600005609,2026-04-17T12:30:06.000-04:00,73034,,2026-04-30T04:00:00.000Z,9,,,,,
5600005609,2026-04-17T12:31:25.000-04:00,73034,,2026-04-30T04:00:00.000Z,9,,,,,
21742 coe,2026-04-17T13:45:20.000-04:00,72301,,2026-04-21T04:00:00.000Z,2,,,,,
4007006,2026-04-17T13:46:19.000-04:00,72760,,2026-04-24T04:00:00.000Z,5,,,,,
26104678,2026-04-20T08:10:14.000-04:00,72537,,2026-05-19T04:00:00.000Z,21,,,,,
407205,2026-04-20T08:12:35.000-04:00,72300,,2026-04-21T04:00:00.000Z,1,,,,,
26104687,2026-04-20T08:22:48.000-04:00,72302,,2026-04-21T04:00:00.000Z,1,,,,,
3476,2026-04-20T08:55:54.000-04:00,72341,,2026-04-24T04:00:00.000Z,4,,,,,
26104693,2026-04-20T08:57:24.000-04:00,72343,,2026-04-24T04:00:00.000Z,4,,,,,
4500188565,2026-04-20T08:59:15.000-04:00,72330,,2026-04-22T04:00:00.000Z,2,,,,,
26104750,2026-04-20T09:00:49.000-04:00,72294,,2026-04-21T04:00:00.000Z,1,,,,,
62848,2026-04-20T09:27:09.000-04:00,72382,,2026-04-30T04:00:00.000Z,8,,,,,
62822,2026-04-20T09:28:38.000-04:00,72320,,2026-04-22T04:00:00.000Z,2,,,,,
26104689,2026-04-20T09:30:30.000-04:00,72295,,2026-04-21T04:00:00.000Z,1,,,,,
407045,2026-04-20T09:44:14.000-04:00,72328,,2026-04-22T04:00:00.000Z,2,,,,,
7016043,2026-04-20T09:48:13.000-04:00,72524,,2026-05-18T04:00:00.000Z,20,,,,,
39836,2026-04-20T09:49:44.000-04:00,72339,,2026-04-24T04:00:00.000Z,4,,,,,
62845,2026-04-20T10:02:04.000-04:00,72329,,2026-04-22T04:00:00.000Z,2,,,,,
1064400,2026-04-20T10:23:49.000-04:00,72344,,2026-04-24T04:00:00.000Z,4,,,,,
1064399,2026-04-20T10:25:49.000-04:00,72364,,2026-04-29T04:00:00.000Z,7,,,,,
103007,2026-04-21T08:28:24.000-04:00,72326,,2026-04-22T04:00:00.000Z,1,,,,,
4061582,2026-04-21T08:31:40.000-04:00,72361,,2026-04-29T04:00:00.000Z,6,,,,,
134514,2026-04-21T08:34:07.000-04:00,72385,,2026-04-30T04:00:00.000Z,7,,,,,
134515,2026-04-21T08:34:33.000-04:00,72384,,2026-04-30T04:00:00.000Z,7,,,,,
29586,2026-04-21T08:38:50.000-04:00,72433,,2026-05-07T04:00:00.000Z,12,,,,,
26104833,2026-04-22T09:19:12.000-04:00,72575,,2026-05-22T04:00:00.000Z,22,,,,,
26104688,2026-04-22T09:21:49.000-04:00,72370,,2026-04-30T04:00:00.000Z,6,,,,,
7016702,2026-04-22T09:52:15.000-04:00,72366,,2026-04-29T04:00:00.000Z,5,,,,,
407402,2026-04-22T10:19:32.000-04:00,72351,,2026-04-27T04:00:00.000Z,3,,,,,
17204,2026-04-22T11:28:39.000-04:00,72411,,2026-05-05T04:00:00.000Z,9,,,,,
165054,2026-04-22T11:49:04.000-04:00,72340,,2026-04-24T04:00:00.000Z,2,,,,,
165055,2026-04-22T11:50:26.000-04:00,72509,,2026-05-15T04:00:00.000Z,17,,,,,
407345,2026-04-22T11:58:05.000-04:00,72347,,2026-04-24T04:00:00.000Z,2,,,,,
2604075,2026-04-22T12:31:40.000-04:00,72393,,2026-05-01T04:00:00.000Z,7,,,,,
76513,2026-04-22T13:32:19.000-04:00,72327,,2026-04-22T04:00:00.000Z,0,,,,,
103034,2026-04-23T08:40:05.000-04:00,72357,,2026-04-29T04:00:00.000Z,4,,,,,
432216,2026-04-23T08:42:11.000-04:00,72570,,2026-05-22T04:00:00.000Z,21,,,,,
5600005609,2026-04-23T08:43:20.000-04:00,73034,,2026-04-29T04:00:00.000Z,4,,,,,
5600005609,2026-04-23T08:45:09.000-04:00,73034,,2026-04-29T04:00:00.000Z,4,,,,,
5600005609,2026-04-23T09:30:23.000-04:00,73034,,2026-04-29T04:00:00.000Z,4,,,,,
5600005609,2026-04-23T09:32:57.000-04:00,73034,,2026-04-29T04:00:00.000Z,4,,,,,
5600005609,2026-04-23T09:34:46.000-04:00,73034,,2026-04-29T04:00:00.000Z,4,,,,,
5600005609,2026-04-23T09:39:08.000-04:00,73034,,2026-04-29T04:00:00.000Z,4,,,,,
5600005609,2026-04-23T09:41:18.000-04:00,73034,,2026-04-29T04:00:00.000Z,4,,,,,
407931,2026-04-23T09:47:36.000-04:00,72378,,2026-04-30T04:00:00.000Z,5,,,,,
170363,2026-04-24T10:01:17.000-04:00,72350,,2026-04-24T04:00:00.000Z,0,,,,,
17215,2026-04-24T11:01:54.000-04:00,72356,,2026-04-29T04:00:00.000Z,3,,,,,
5600005609,2026-04-24T11:02:35.000-04:00,73034,,2026-04-29T04:00:00.000Z,3,,,,,
26105045,2026-04-24T11:03:48.000-04:00,72409,,2026-05-05T04:00:00.000Z,7,,,,,
26105008,2026-04-24T11:05:33.000-04:00,72636,,2026-05-29T04:00:00.000Z,25,,,,,
407548,2026-04-24T11:32:51.000-04:00,72367,,2026-04-29T04:00:00.000Z,3,,,,,
17210,2026-04-24T11:33:54.000-04:00,72440,,2026-05-11T04:00:00.000Z,11,,,,,
17211,2026-04-24T11:35:33.000-04:00,72383,,2026-04-30T04:00:00.000Z,4,,,,,
62885,2026-04-24T11:37:10.000-04:00,72412,,2026-05-05T04:00:00.000Z,7,,,,,
8004232,2026-04-24T11:39:47.000-04:00,72464,,2026-05-13T04:00:00.000Z,13,,,,,
103041,2026-04-24T12:23:22.000-04:00,72375,,2026-04-30T04:00:00.000Z,4,,,,,
407598,2026-04-24T12:25:18.000-04:00,72376,,2026-04-30T04:00:00.000Z,4,,,,,
74780,2026-04-24T12:27:25.000-04:00,72410,,2026-05-05T04:00:00.000Z,7,,,,,
2604086,2026-04-24T12:31:43.000-04:00,72419,,2026-05-06T04:00:00.000Z,8,,,,,
98-1756,2026-04-24T12:57:26.000-04:00,72401,,2026-05-04T04:00:00.000Z,6,,,,,
9848,2026-04-24T12:59:49.000-04:00,72405,,2026-05-04T04:00:00.000Z,6,,,,,
62901,2026-04-24T13:00:51.000-04:00,72396,,2026-05-04T04:00:00.000Z,6,,,,,
62896,2026-04-24T13:02:02.000-04:00,72377,,2026-04-30T04:00:00.000Z,4,,,,,
4500188762,2026-04-24T13:05:59.000-04:00,72380,,2026-04-30T04:00:00.000Z,4,,,,,
162020,2026-04-24T13:07:30.000-04:00,72354,,2026-04-29T04:00:00.000Z,3,,,,,
7015733,2026-04-24T13:33:28.000-04:00,72525,,2026-05-18T04:00:00.000Z,16,,,,,
7017204,2026-04-24T13:35:09.000-04:00,72523,,2026-05-18T04:00:00.000Z,16,,,,,
63553,2026-04-24T13:36:11.000-04:00,72553,,2026-05-21T04:00:00.000Z,19,,,,,
20026267,2026-04-24T13:42:33.000-04:00,72374,,2026-04-30T04:00:00.000Z,4,,,,,
20025188,2026-04-24T13:43:20.000-04:00,72386,,2026-04-30T04:00:00.000Z,4,,,,,
20023624,2026-04-24T13:43:58.000-04:00,72355,,2026-04-29T04:00:00.000Z,3,,,,,
20023623,2026-04-24T13:45:07.000-04:00,72434,,2026-05-11T04:00:00.000Z,11,,,,,
20023142,2026-04-24T13:48:15.000-04:00,72556,,2026-05-21T04:00:00.000Z,19,,,,,
20021745,2026-04-24T13:49:08.000-04:00,72555,,2026-05-21T04:00:00.000Z,19,,,,,
170392,2026-04-28T07:47:07.000-04:00,72371,,2026-04-30T04:00:00.000Z,2,,,,,
4007006,2026-04-28T07:52:26.000-04:00,72760,,2026-06-10T04:00:00.000Z,31,,,,,
170365,2026-04-28T07:56:53.000-04:00,72373,,2026-04-30T04:00:00.000Z,2,,,,,
5859-bro,2026-04-29T08:53:56.000-04:00,72438,,2026-05-11T04:00:00.000Z,8,,,,,
21744,2026-04-29T08:59:53.000-04:00,72456,,2026-05-12T04:00:00.000Z,9,,,,,
209790,2026-04-30T08:04:57.000-04:00,72455,,2026-05-12T04:00:00.000Z,8,,,,,
35312,2026-04-30T08:34:46.000-04:00,72431,,2026-05-07T04:00:00.000Z,5,,,,,
35313,2026-04-30T08:37:54.000-04:00,72430,,2026-05-07T04:00:00.000Z,5,,,,,
35317,2026-04-30T08:38:42.000-04:00,72484,,2026-05-14T04:00:00.000Z,10,,,,,
35322,2026-04-30T08:40:38.000-04:00,72429,,2026-05-07T04:00:00.000Z,5,,,,,
35314,2026-04-30T08:56:35.000-04:00,72483,,2026-05-14T04:00:00.000Z,10,,,,,
35315,2026-04-30T08:59:41.000-04:00,72482,,2026-05-14T04:00:00.000Z,10,,,,,
35316,2026-04-30T09:01:37.000-04:00,72481,,2026-05-14T04:00:00.000Z,10,,,,,
35319,2026-04-30T09:02:19.000-04:00,72480,,2026-05-14T04:00:00.000Z,10,,,,,
35320,2026-04-30T09:03:47.000-04:00,72479,,2026-05-14T04:00:00.000Z,10,,,,,
35321,2026-04-30T09:04:27.000-04:00,72477,,2026-05-14T04:00:00.000Z,10,,,,,
35318,2026-04-30T09:05:30.000-04:00,72478,,2026-05-14T04:00:00.000Z,10,,,,,
35305,2026-04-30T09:54:38.000-04:00,72476,,2026-05-14T04:00:00.000Z,10,,,,,
26105220,2026-04-30T10:39:17.000-04:00,72399,,2026-05-04T04:00:00.000Z,2,,,,,
26105135,2026-04-30T10:42:10.000-04:00,72413,,2026-05-05T04:00:00.000Z,3,,,,,
26104271,2026-04-30T10:42:56.000-04:00,72402,,2026-05-04T04:00:00.000Z,2,,,,,
26105134,2026-04-30T10:44:18.000-04:00,72397,,2026-05-04T04:00:00.000Z,2,,,,,
26105136,2026-04-30T10:45:09.000-04:00,72420,,2026-05-06T04:00:00.000Z,4,,,,,
165216,2026-04-30T10:46:17.000-04:00,72414,,2026-05-05T04:00:00.000Z,3,,,,,
5600005609,2026-04-30T10:47:27.000-04:00,73034,,2026-05-05T04:00:00.000Z,3,,,,,
5600005609,2026-04-30T10:49:01.000-04:00,73034,,2026-05-05T04:00:00.000Z,3,,,,,
5600005609,2026-04-30T10:50:30.000-04:00,73034,,2026-05-05T04:00:00.000Z,3,,,,,
5600005609,2026-04-30T10:52:27.000-04:00,73034,,2026-05-05T04:00:00.000Z,3,,,,,
159362,2026-04-30T11:23:50.000-04:00,72444,,2026-05-11T04:00:00.000Z,7,,,,,
159207,2026-04-30T11:27:05.000-04:00,72443,,2026-05-11T04:00:00.000Z,7,,,,,
4500189287,2026-04-30T11:29:01.000-04:00,72394,,2026-05-04T04:00:00.000Z,2,,,,,
5600005609,2026-04-30T11:38:26.000-04:00,73034,,2026-05-05T04:00:00.000Z,3,,,,,
39897,2026-04-30T11:55:06.000-04:00,72392,,2026-05-01T04:00:00.000Z,1,,,,,
8004258,2026-04-30T11:56:21.000-04:00,72435,,2026-05-11T04:00:00.000Z,7,,,,,
62904,2026-04-30T11:58:43.000-04:00,72400,,2026-05-04T04:00:00.000Z,2,,,,,
165188,2026-04-30T12:20:18.000-04:00,72395,,2026-05-04T04:00:00.000Z,2,,,,,
339242,2026-04-30T12:25:24.000-04:00,72442,,2026-05-11T04:00:00.000Z,7,,,,,
220826,2026-04-30T12:26:20.000-04:00,72391,,2026-05-01T04:00:00.000Z,1,,,,,
206687,2026-04-30T12:28:33.000-04:00,72457,,2026-05-12T04:00:00.000Z,8,,,,,
7018804,2026-04-30T12:29:36.000-04:00,72526,,2026-05-18T04:00:00.000Z,12,,,,,
433017,2026-04-30T12:31:25.000-04:00,72458,,2026-05-12T04:00:00.000Z,8,,,,,
26105137,2026-04-30T12:49:50.000-04:00,72408,,2026-05-05T04:00:00.000Z,3,,,,,
26104558,2026-04-30T12:51:07.000-04:00,72465,,2026-05-13T04:00:00.000Z,9,,,,,
4500184242,2026-05-01T12:16:15.000-04:00,72418,,2026-05-05T04:00:00.000Z,2,,,,,
170428,2026-05-04T12:24:20.000-04:00,72407,,2026-05-04T04:00:00.000Z,0,,,,,
170447,2026-05-05T10:26:43.000-04:00,72425,,2026-05-07T04:00:00.000Z,2,,,,,
170445,2026-05-05T10:28:11.000-04:00,72423,,2026-05-07T04:00:00.000Z,2,,,,,
170446,2026-05-05T10:28:43.000-04:00,72424,,2026-05-07T04:00:00.000Z,2,,,,,
407892,2026-05-05T12:43:06.000-04:00,72432,,2026-05-07T04:00:00.000Z,2,,,,,
4007185,2026-05-05T16:11:59.000-04:00,72428,,2026-05-07T04:00:00.000Z,2,,,,,
4007183,2026-05-05T16:13:49.000-04:00,72427,,2026-05-07T04:00:00.000Z,2,,,,,
170382,2026-05-06T08:40:52.000-04:00,72551,,2026-05-21T04:00:00.000Z,11,,,,,
170383,2026-05-06T08:43:35.000-04:00,72552,,2026-05-21T04:00:00.000Z,11,,,,,
170384,2026-05-06T08:45:17.000-04:00,72446,,2026-05-11T04:00:00.000Z,3,,,,,
170381,2026-05-06T08:46:11.000-04:00,72447,,2026-05-11T04:00:00.000Z,3,,,,,
170386,2026-05-06T08:47:26.000-04:00,72535,,2026-05-19T04:00:00.000Z,9,,,,,
4007006,2026-05-06T08:48:52.000-04:00,72760,,2026-06-10T04:00:00.000Z,25,,,,,
2604103,2026-05-06T13:18:08.000-04:00,72519,,2026-05-15T04:00:00.000Z,7,,,,,
2604113,2026-05-06T13:20:19.000-04:00,72531,,2026-05-18T04:00:00.000Z,8,,,,,
156968,2026-05-07T11:39:28.000-04:00,72437,,2026-05-11T04:00:00.000Z,2,,,,,
RG1064431,2026-05-07T11:42:19.000-04:00,72539,,2026-05-19T04:00:00.000Z,8,,,,,
20021746,2026-05-07T11:44:16.000-04:00,72557,,2026-05-21T04:00:00.000Z,10,,,,,
20023227,2026-05-07T11:46:08.000-04:00,72468,,2026-05-13T04:00:00.000Z,4,,,,,
20024582,2026-05-07T11:47:39.000-04:00,72454,,2026-05-12T04:00:00.000Z,3,,,,,
20026476,2026-05-07T11:49:08.000-04:00,72473,,2026-05-13T04:00:00.000Z,4,,,,,
26105419,2026-05-07T13:17:26.000-04:00,72536,,2026-05-19T04:00:00.000Z,8,,,,,
26105353,2026-05-07T13:18:26.000-04:00,72486,,2026-05-14T04:00:00.000Z,5,,,,,
7019175,2026-05-07T13:19:22.000-04:00,72550,,2026-05-21T04:00:00.000Z,10,,,,,
1786045,2026-05-07T13:50:52.000-04:00,72543,,2026-05-20T04:00:00.000Z,9,,,,,
9851,2026-05-07T13:53:01.000-04:00,72488,,2026-05-14T04:00:00.000Z,5,,,,,
p262269,2026-05-07T13:55:19.000-04:00,72451,,2026-05-11T04:00:00.000Z,2,,,,,
21855,2026-05-07T13:59:16.000-04:00,72609,,2026-05-28T04:00:00.000Z,15,,,,,
432990,2026-05-07T14:02:34.000-04:00,72439,,2026-05-11T04:00:00.000Z,2,,,,,
103118,2026-05-07T14:08:51.000-04:00,72441,,2026-05-11T04:00:00.000Z,2,,,,,
4232605,2026-05-07T14:14:26.000-04:00,,,2026-05-11T04:00:00.000Z,2,,,,,
42444,2026-05-07T15:52:49.000-04:00,72505,,2026-05-15T04:00:00.000Z,6,,,,,
42445,2026-05-07T15:54:35.000-04:00,72582,,2026-05-22T04:00:00.000Z,11,,,,,
5600005609,2026-05-08T09:06:55.000-04:00,73034,,2026-05-15T04:00:00.000Z,5,,,,,
5600005609,2026-05-08T09:21:07.000-04:00,73034,,2026-05-15T04:00:00.000Z,5,,,,,
5600005609,2026-05-08T09:21:59.000-04:00,73034,,2026-05-15T04:00:00.000Z,5,,,,,
5600005609,2026-05-08T09:25:17.000-04:00,73034,,2026-05-15T04:00:00.000Z,5,,,,,
5600005609,2026-05-08T09:28:40.000-04:00,73034,,2026-05-15T04:00:00.000Z,5,,,,,
5600005609,2026-05-08T09:39:00.000-04:00,73034,,2026-05-15T04:00:00.000Z,5,,,,,
5600005609,2026-05-08T09:39:47.000-04:00,73034,,2026-05-15T04:00:00.000Z,5,,,,,
5600005609,2026-05-08T09:41:44.000-04:00,73034,,2026-05-15T04:00:00.000Z,5,,,,,
5600005609,2026-05-08T09:42:45.000-04:00,73034,,2026-05-15T04:00:00.000Z,5,,,,,
5600005609,2026-05-08T09:48:45.000-04:00,73034,,2026-05-15T04:00:00.000Z,5,,,,,
5600005609,2026-05-08T09:50:40.000-04:00,73034,,2026-05-15T04:00:00.000Z,5,,,,,
5600005609,2026-05-08T09:51:43.000-04:00,73034,,2026-05-15T04:00:00.000Z,5,,,,,
5600005609,2026-05-08T09:53:47.000-04:00,73034,,2026-05-15T04:00:00.000Z,5,,,,,
5600005609,2026-05-08T09:55:20.000-04:00,73034,,2026-05-15T04:00:00.000Z,5,,,,,
5600005609,2026-05-08T09:56:51.000-04:00,73034,,2026-05-15T04:00:00.000Z,5,,,,,
408099,2026-05-08T10:02:47.000-04:00,72462,,2026-05-12T04:00:00.000Z,2,,,,,
,2026-05-08T10:15:21.000-04:00,72760,,2026-06-10T04:00:00.000Z,23,,,,,
2604133,2026-05-08T10:22:35.000-04:00,72714,,2026-06-05T04:00:00.000Z,20,,,,,
2605013,2026-05-08T10:32:41.000-04:00,72520,,2026-05-15T04:00:00.000Z,5,,,,,
5600005609,2026-05-08T10:34:03.000-04:00,73034,,2026-05-15T04:00:00.000Z,5,,,,,
5600005609,2026-05-08T10:34:56.000-04:00,73034,,2026-05-15T04:00:00.000Z,5,,,,,
4591,2026-05-08T10:39:40.000-04:00,72506,,2026-05-15T04:00:00.000Z,5,,,,,
4856,2026-05-08T10:59:35.000-04:00,72622,,2026-05-28T04:00:00.000Z,14,,,,,
5600005609,2026-05-08T11:00:43.000-04:00,73034,,2026-05-15T04:00:00.000Z,5,,,,,
4061789,2026-05-08T11:02:47.000-04:00,72533,,2026-05-19T04:00:00.000Z,7,,,,,
233094,2026-05-08T11:41:48.000-04:00,72534,,2026-05-19T04:00:00.000Z,7,,,,,
431474,2026-05-08T11:43:22.000-04:00,72469,,2026-05-13T04:00:00.000Z,3,,,,,
6074,2026-05-08T11:44:11.000-04:00,72471,,2026-05-13T04:00:00.000Z,3,,,,,
206699,2026-05-08T11:51:27.000-04:00,72610,,2026-05-28T04:00:00.000Z,14,,,,,
50526,2026-05-08T11:53:49.000-04:00,,,2026-05-11T04:00:00.000Z,1,,,,,
138571,2026-05-08T11:58:26.000-04:00,72517,,2026-05-15T04:00:00.000Z,5,,,,,
138572,2026-05-08T12:00:38.000-04:00,72460,,2026-05-12T04:00:00.000Z,2,,,,,
4500190106,2026-05-08T12:19:33.000-04:00,72518,,2026-05-15T04:00:00.000Z,5,,,,,
26105632,2026-05-08T12:21:36.000-04:00,72545,,2026-05-20T04:00:00.000Z,8,,,,,
26104760,2026-05-08T12:23:16.000-04:00,72544,,2026-05-20T04:00:00.000Z,8,,,,,
228,2026-05-08T12:29:59.000-04:00,72579,,2026-05-22T04:00:00.000Z,10,,,,,
134858,2026-05-08T12:50:42.000-04:00,72466,,2026-05-13T04:00:00.000Z,3,,,,,
4007201,2026-05-08T12:59:34.000-04:00,72642,,2026-05-29T04:00:00.000Z,15,,,,,
170499,2026-05-12T08:14:15.000-04:00,72554,,2026-05-21T04:00:00.000Z,7,,,,,
165351,2026-05-12T09:07:42.000-04:00,72472,,2026-05-13T04:00:00.000Z,1,,,,,
93327,2026-05-12T09:24:08.000-04:00,72529,,2026-05-18T04:00:00.000Z,4,,,,,
62976,2026-05-12T09:46:39.000-04:00,72620,,2026-05-28T04:00:00.000Z,12,,,,,
62973,2026-05-12T10:10:25.000-04:00,72530,,2026-05-18T04:00:00.000Z,4,,,,,
5600005609,2026-05-12T10:25:30.000-04:00,73034,,2026-05-18T04:00:00.000Z,4,,,,,
21855,2026-05-12T12:11:08.000-04:00,72609,,2026-05-28T04:00:00.000Z,12,,,,,
4102,2026-05-12T12:20:58.000-04:00,72507,,2026-05-15T04:00:00.000Z,3,,,,,
43519,2026-05-13T08:23:13.000-04:00,72619,,2026-05-28T04:00:00.000Z,11,,,,,
26105570,2026-05-13T08:24:42.000-04:00,72563,,2026-05-21T04:00:00.000Z,6,,,,,
26104272,2026-05-13T08:25:41.000-04:00,72726,,2026-06-08T04:00:00.000Z,18,,,,,
4500189558,2026-05-13T08:29:10.000-04:00,72475,,2026-05-13T04:00:00.000Z,0,,,,,
138574,2026-05-13T09:00:21.000-04:00,72516,,2026-05-15T04:00:00.000Z,2,,,,,
138575,2026-05-13T09:01:48.000-04:00,72515,,2026-05-15T04:00:00.000Z,2,,,,,
138558,2026-05-13T09:02:37.000-04:00,72514,,2026-05-15T04:00:00.000Z,2,,,,,
138559,2026-05-13T09:04:19.000-04:00,72577,,2026-05-22T04:00:00.000Z,7,,,,,
26105733,2026-05-13T09:05:09.000-04:00,72576,,2026-05-22T04:00:00.000Z,7,,,,,
26105736,2026-05-13T09:06:42.000-04:00,72528,,2026-05-18T04:00:00.000Z,3,,,,,
26105735,2026-05-13T09:10:05.000-04:00,72511,,2026-05-15T04:00:00.000Z,2,,,,,
26105734,2026-05-13T09:11:35.000-04:00,72567,,2026-05-21T04:00:00.000Z,6,,,,,
26105737,2026-05-13T09:12:49.000-04:00,72593,,2026-05-27T04:00:00.000Z,10,,,,,
20026479,2026-05-13T14:16:39.000-04:00,72467,,2026-05-13T04:00:00.000Z,0,,,,,
042126-13,2026-05-13T14:40:50.000-04:00,72474,,2026-05-13T04:00:00.000Z,0,,,,,
5600005609,2026-05-13T15:55:50.000-04:00,73034,,2026-05-15T04:00:00.000Z,2,,,,,
408359,2026-05-13T16:13:24.000-04:00,72898,,2026-05-18T04:00:00.000Z,3,,,,,
RG1064446,2026-05-13T16:24:43.000-04:00,72562,,2026-05-21T04:00:00.000Z,6,,,,,
138605,2026-05-14T15:44:52.000-04:00,72513,,2026-05-15T04:00:00.000Z,1,,,,,
408151,2026-05-15T12:37:44.000-04:00,72532,,2026-05-18T04:00:00.000Z,1,,,,,
29614,2026-05-15T16:23:27.000-04:00,71659,,2026-05-20T04:00:00.000Z,3,,,,,
408482,2026-05-18T08:40:56.000-04:00,72540,,2026-05-19T04:00:00.000Z,1,,,,,
26105752,2026-05-18T08:43:17.000-04:00,72641,,2026-05-29T04:00:00.000Z,9,,,,,
26104551,2026-05-18T08:45:00.000-04:00,72631,,2026-05-28T04:00:00.000Z,8,,,,,
26105928,2026-05-18T10:27:46.000-04:00,72527,,2026-05-18T04:00:00.000Z,0,,,,,
26105940,2026-05-18T10:29:16.000-04:00,72594,,2026-05-27T04:00:00.000Z,7,,,,,
26105864,2026-05-18T10:32:33.000-04:00,72595,,2026-05-27T04:00:00.000Z,7,,,,,
26104148,2026-05-18T10:34:28.000-04:00,72572,,2026-05-22T04:00:00.000Z,4,,,,,
165356,2026-05-18T10:35:16.000-04:00,72542,,2026-05-20T04:00:00.000Z,2,,,,,
2605048,2026-05-18T11:45:57.000-04:00,72608,,2026-05-28T04:00:00.000Z,8,,,,,
103190,2026-05-18T11:50:23.000-04:00,72590,,2026-05-27T04:00:00.000Z,7,,,,,
2605028,2026-05-18T12:46:51.000-04:00,72580,,2026-05-22T04:00:00.000Z,4,,,,,
93324,2026-05-18T12:48:09.000-04:00,72721,,2026-06-08T04:00:00.000Z,15,,,,,
26105939,2026-05-18T12:51:05.000-04:00,72692,,2026-06-04T04:00:00.000Z,13,,,,,
165408,2026-05-18T12:53:07.000-04:00,72592,,2026-05-27T04:00:00.000Z,7,,,,,
165409,2026-05-18T12:54:41.000-04:00,72591,,2026-05-27T04:00:00.000Z,7,,,,,
165410,2026-05-18T12:55:19.000-04:00,72607,,2026-05-28T04:00:00.000Z,8,,,,,
26105938,2026-05-18T13:29:18.000-04:00,72574,,2026-05-22T04:00:00.000Z,4,,,,,
26105929,2026-05-18T13:30:52.000-04:00,72573,,2026-05-22T04:00:00.000Z,4,,,,,
5600005609,2026-05-19T11:17:14.000-04:00,73034,,2026-05-22T04:00:00.000Z,3,,,,,
5600005609,2026-05-19T11:19:12.000-04:00,73034,,2026-05-22T04:00:00.000Z,3,,,,,
5600005609,2026-05-19T11:20:53.000-04:00,73034,,2026-05-22T04:00:00.000Z,3,,,,,
408561,2026-05-19T11:24:37.000-04:00,72797,,2026-06-11T04:00:00.000Z,17,,,,,
26106047,2026-05-19T11:30:33.000-04:00,72571,,2026-05-22T04:00:00.000Z,3,,,,,
26106044,2026-05-19T11:37:32.000-04:00,72568,,2026-05-21T04:00:00.000Z,2,,,,,
34775,2026-05-19T12:14:54.000-04:00,72625,,2026-05-28T04:00:00.000Z,7,,,,,
7020472,2026-05-19T12:17:29.000-04:00,72729,,2026-06-08T04:00:00.000Z,14,,,,,
PC050826,2026-05-19T12:24:21.000-04:00,72606,,2026-05-27T04:00:00.000Z,6,,,,,
7022759,2026-05-19T12:26:10.000-04:00,72627,,2026-05-28T04:00:00.000Z,7,,,,,
PT4535,2026-05-19T12:26:54.000-04:00,72583,,2026-05-22T04:00:00.000Z,3,,,,,
7022667,2026-05-19T12:28:13.000-04:00,72626,,2026-05-28T04:00:00.000Z,7,,,,,
34791,2026-05-19T12:29:39.000-04:00,72623,,2026-05-28T04:00:00.000Z,7,,,,,
34792,2026-05-19T12:30:24.000-04:00,72599,,2026-05-27T04:00:00.000Z,6,,,,,
34790,2026-05-19T12:32:50.000-04:00,72624,,2026-05-28T04:00:00.000Z,7,,,,,
1064448,2026-05-19T12:33:31.000-04:00,72621,,2026-05-28T04:00:00.000Z,7,,,,,
433156,2026-05-19T13:00:22.000-04:00,72561,,2026-05-21T04:00:00.000Z,2,,,,,
62992,2026-05-19T13:03:09.000-04:00,72793,,2026-06-11T04:00:00.000Z,17,,,,,
206728,2026-05-19T13:19:10.000-04:00,72611,,2026-05-28T04:00:00.000Z,7,,,,,
RG1064449,2026-05-19T13:20:16.000-04:00,72569,,2026-05-22T04:00:00.000Z,3,,,,,
103209,2026-05-19T13:39:57.000-04:00,72548,,2026-05-20T04:00:00.000Z,1,,,,,
43796,2026-05-19T14:51:20.000-04:00,72853,,2026-06-18T04:00:00.000Z,22,,,,,
SAMPLES,2026-05-19T15:30:00.000-04:00,72541,,2026-05-19T04:00:00.000Z,0,,,,,
1974,2026-05-20T16:02:03.000-04:00,72638,,2026-05-29T04:00:00.000Z,7,,,,,
5600005609,2026-05-20T17:12:05.000-04:00,73034,,2026-05-29T04:00:00.000Z,7,,,,,
5600005609,2026-05-20T17:13:52.000-04:00,73034,,2026-05-29T04:00:00.000Z,7,,,,,
4242601,2026-05-21T10:23:26.000-04:00,72549,,2026-05-21T04:00:00.000Z,0,,,,,
44430,2026-05-21T16:16:51.000-04:00,72801,,2026-06-12T04:00:00.000Z,16,,,,,
170500,2026-05-21T16:28:16.000-04:00,72650,,2026-05-29T04:00:00.000Z,6,,,,,
170501,2026-05-21T16:29:38.000-04:00,72586,,2026-05-27T04:00:00.000Z,4,,,,,
170504,2026-05-21T16:30:32.000-04:00,72596,,2026-05-27T04:00:00.000Z,4,,,,,
170503,2026-05-21T16:32:24.000-04:00,72661,,2026-06-02T04:00:00.000Z,8,,,,,
170502,2026-05-21T16:33:07.000-04:00,72688,,2026-06-04T04:00:00.000Z,10,,,,,
170505,2026-05-21T16:34:20.000-04:00,72763,,2026-06-11T04:00:00.000Z,15,,,,,
4500193046,2026-05-22T10:46:02.000-04:00,72759,,2026-06-10T04:00:00.000Z,13,,,,,
4500193048,2026-05-22T10:47:19.000-04:00,72758,,2026-06-10T04:00:00.000Z,13,,,,,
4056734,2026-05-22T11:26:04.000-04:00,72578,,2026-05-22T04:00:00.000Z,0,,,,,
42126-13,2026-05-22T15:35:29.000-04:00,72584,,2026-05-22T04:00:00.000Z,0,,,,,
5600005609,2026-05-22T15:53:30.000-04:00,73034,,2026-05-28T04:00:00.000Z,4,,,,,
5600005609,2026-05-22T15:54:50.000-04:00,73034,,2026-05-28T04:00:00.000Z,4,,,,,
5600005609,2026-05-22T15:55:50.000-04:00,73034,,2026-05-28T04:00:00.000Z,4,,,,,
5600005609,2026-05-26T11:14:20.000-04:00,73034,,2026-05-28T04:00:00.000Z,2,,,,,
5600005609,2026-05-26T11:17:19.000-04:00,73034,,2026-05-28T04:00:00.000Z,2,,,,,
5600005609,2026-05-26T11:18:42.000-04:00,73034,,2026-05-28T04:00:00.000Z,2,,,,,
5600005609,2026-05-26T11:22:30.000-04:00,73034,,2026-05-28T04:00:00.000Z,2,,,,,
5600005609,2026-05-26T11:24:27.000-04:00,73034,,2026-05-28T04:00:00.000Z,2,,,,,
5600005609,2026-05-26T11:26:38.000-04:00,73034,,2026-05-28T04:00:00.000Z,2,,,,,
5600005609,2026-05-26T11:28:04.000-04:00,73034,,2026-05-28T04:00:00.000Z,2,,,,,
5600005609,2026-05-26T11:30:15.000-04:00,73034,,2026-05-28T04:00:00.000Z,2,,,,,
5600005609,2026-05-26T11:31:46.000-04:00,73034,,2026-05-28T04:00:00.000Z,2,,,,,
5600005609,2026-05-26T11:43:01.000-04:00,73034,,2026-05-28T04:00:00.000Z,2,,,,,
5600005609,2026-05-26T11:45:01.000-04:00,73034,,2026-05-28T04:00:00.000Z,2,,,,,
5600005609,2026-05-26T11:46:44.000-04:00,73034,,2026-05-28T04:00:00.000Z,2,,,,,
5600005609,2026-05-26T11:48:40.000-04:00,73034,,2026-05-28T04:00:00.000Z,2,,,,,
26106176,2026-05-26T11:49:42.000-04:00,72618,,2026-05-28T04:00:00.000Z,2,,,,,
26106239,2026-05-26T11:51:13.000-04:00,72629,,2026-05-28T04:00:00.000Z,2,,,,,
26106177,2026-05-26T11:55:57.000-04:00,72649,,2026-05-29T04:00:00.000Z,3,,,,,
26106175,2026-05-26T11:57:36.000-04:00,72674,,2026-06-03T04:00:00.000Z,6,,,,,
26106178,2026-05-26T12:00:38.000-04:00,72605,,2026-05-27T04:00:00.000Z,1,,,,,
26-16526,2026-05-26T12:02:28.000-04:00,72667,,2026-06-03T04:00:00.000Z,6,,,,,
35385,2026-05-26T12:03:31.000-04:00,72734,,2026-06-09T04:00:00.000Z,10,,,,,
63741,2026-05-26T13:01:31.000-04:00,72791,,2026-06-11T04:00:00.000Z,12,,,,,
63746,2026-05-26T13:12:59.000-04:00,72699,,2026-06-05T04:00:00.000Z,8,,,,,
138662,2026-05-26T14:37:11.000-04:00,72645,,2026-05-29T04:00:00.000Z,3,,,,,
138660,2026-05-26T14:38:30.000-04:00,72639,,2026-05-29T04:00:00.000Z,3,,,,,
138661,2026-05-26T14:40:00.000-04:00,72644,,2026-05-29T04:00:00.000Z,3,,,,,
4500190108,2026-05-26T14:41:23.000-04:00,72665,,2026-06-02T04:00:00.000Z,5,,,,,
4500191382,2026-05-26T14:42:35.000-04:00,72741,,2026-06-03T04:00:00.000Z,6,,,,,
262273,2026-05-26T14:55:30.000-04:00,72587,,2026-05-27T04:00:00.000Z,1,,,,,
17263,2026-05-26T14:56:16.000-04:00,72795,,2026-06-11T04:00:00.000Z,12,,,,,
5600005609,2026-05-26T15:32:52.000-04:00,73034,,2026-05-28T04:00:00.000Z,2,,,,,
5600005609,2026-05-26T15:34:45.000-04:00,73034,,2026-05-28T04:00:00.000Z,2,,,,,
52026,2026-05-26T15:35:56.000-04:00,,,2026-06-03T04:00:00.000Z,6,,,,,
103242,2026-05-26T15:39:29.000-04:00,72612,,2026-05-28T04:00:00.000Z,2,,,,,
103236,2026-05-26T15:41:25.000-04:00,72668,,2026-06-03T04:00:00.000Z,6,,,,,
170637,2026-05-26T15:43:25.000-04:00,72604,,2026-05-27T04:00:00.000Z,1,,,,,
433329,2026-05-26T15:44:12.000-04:00,72614,,2026-05-28T04:00:00.000Z,2,,,,,
408731,2026-05-26T16:23:11.000-04:00,72855,,2026-06-19T04:00:00.000Z,18,,,,,
26106240,2026-05-26T16:26:18.000-04:00,72640,,2026-05-29T04:00:00.000Z,3,,,,,
26106305,2026-05-26T16:27:45.000-04:00,72711,,2026-06-05T04:00:00.000Z,8,,,,,
408846,2026-05-26T16:41:15.000-04:00,72634,,2026-05-28T04:00:00.000Z,2,,,,,
432761,2026-05-26T16:43:44.000-04:00,72818,,2026-06-15T04:00:00.000Z,14,,,,,
26106308,2026-05-26T16:51:15.000-04:00,72664,,2026-06-02T04:00:00.000Z,5,,,,,
2605070,2026-05-27T10:49:06.000-04:00,72613,,2026-05-28T04:00:00.000Z,1,,,,,
32797,2026-05-27T11:03:34.000-04:00,72643,,2026-05-29T04:00:00.000Z,2,,,,,
2605092,2026-05-27T11:39:46.000-04:00,72715,,2026-06-05T04:00:00.000Z,7,,,,,
5600005609,2026-05-27T11:41:55.000-04:00,73034,,2026-05-28T04:00:00.000Z,1,,,,,
40017,2026-05-27T11:48:07.000-04:00,72632,,2026-05-28T04:00:00.000Z,1,,,,,
206776,2026-05-27T12:12:52.000-04:00,72691,,2026-06-04T04:00:00.000Z,6,,,,,
408666,2026-05-27T12:21:13.000-04:00,72635,,2026-05-28T04:00:00.000Z,1,,,,,
4854,2026-05-27T13:06:16.000-04:00,72786,,2026-06-11T04:00:00.000Z,11,,,,,
,2026-06-09T04:00:00.000Z,72760,,2026-06-10T04:00:00.000Z,1,,7,,,
,2026-06-09T04:00:00.000Z,72760,,2026-06-10T04:00:00.000Z,1,,7,,,
,2026-06-09T04:00:00.000Z,72760,,2026-06-10T04:00:00.000Z,1,,7,,,
,2026-06-09T04:00:00.000Z,72760,,2026-06-10T04:00:00.000Z,1,,7,,,
,2026-06-09T04:00:00.000Z,72760,,2026-06-10T04:00:00.000Z,1,,7,,,
,2026-05-28T14:46:16.000-04:00,72760,,2026-06-10T04:00:00.000Z,9,,,,,
17262,2026-05-28T15:21:26.000-04:00,72751,,2026-06-10T04:00:00.000Z,9,,,,,
5192602,2026-05-28T15:26:04.000-04:00,72669,,2026-06-03T04:00:00.000Z,4,,,,,
5600005609,2026-05-28T15:44:29.000-04:00,73034,,2026-06-03T04:00:00.000Z,4,,,,,
35412,2026-05-29T12:41:26.000-04:00,72705,,2026-06-05T04:00:00.000Z,5,,,,,
35411,2026-05-29T12:53:46.000-04:00,72737,,2026-06-09T04:00:00.000Z,7,,,,,
35411,2026-05-29T12:54:18.000-04:00,72737,,2026-06-09T04:00:00.000Z,7,,,,,
5600005609,2026-06-01T09:32:15.000-04:00,73034,,2026-06-03T04:00:00.000Z,2,,,,,
44260,2026-06-01T08:45:59.000-04:00,72913,,2026-06-25T04:00:00.000Z,18,,,,,
35406,2026-06-01T07:40:24.000-04:00,72733,,2026-06-09T04:00:00.000Z,6,,,,,
35407,2026-06-01T07:38:22.000-04:00,72738,,2026-06-09T04:00:00.000Z,6,,,,,
432763,2026-06-01T10:11:34.000-04:00,72670,,2026-06-03T04:00:00.000Z,2,,,,,
80151,2026-06-01T10:10:41.000-04:00,72724,,2026-06-08T04:00:00.000Z,5,,,,,
22066,2026-06-01T10:58:26.000-04:00,72740,,2026-06-09T04:00:00.000Z,6,,,,,
35410,2026-06-01T07:48:35.000-04:00,72735,,2026-06-09T04:00:00.000Z,6,,,,,
7024319,2026-06-01T11:48:51.000-04:00,72672,,2026-06-03T04:00:00.000Z,2,,,,,
26106435,2026-06-01T08:59:35.000-04:00,72663,,2026-06-02T04:00:00.000Z,1,,,,,
26106372,2026-06-01T09:04:29.000-04:00,72727,,2026-06-08T04:00:00.000Z,5,,,,,
26106433,2026-06-01T09:03:32.000-04:00,72693,,2026-06-04T04:00:00.000Z,3,,,,,
5600005609,2026-06-02T09:23:16.000-04:00,73034,,2026-06-05T04:00:00.000Z,3,,,,,
21994,2026-06-01T11:13:57.000-04:00,72689,,2026-06-04T04:00:00.000Z,3,,,,,
35409,2026-06-01T07:39:43.000-04:00,72736,,2026-06-09T04:00:00.000Z,6,,,,,
35408,2026-06-01T07:50:18.000-04:00,72708,,2026-06-05T04:00:00.000Z,4,,,,,
35405,2026-06-01T07:47:58.000-04:00,72732,,2026-06-09T04:00:00.000Z,6,,,,,
278,2026-06-01T07:55:26.000-04:00,72704,,2026-06-05T04:00:00.000Z,4,,,,,
7PS000871,2026-06-01T08:07:20.000-04:00,72799,,2026-06-12T04:00:00.000Z,9,,,,,
7PS000872,2026-06-01T08:25:56.000-04:00,72800,,2026-06-12T04:00:00.000Z,9,,,,,
26106568,2026-06-01T12:20:28.000-04:00,72662,,2026-06-02T04:00:00.000Z,1,,,,,
p159441,2026-06-01T12:38:40.000-04:00,72671,,2026-06-03T04:00:00.000Z,2,,,,,
26106502,2026-06-01T09:06:01.000-04:00,72666,,2026-06-02T04:00:00.000Z,1,,,,,
26106434,2026-06-01T09:01:32.000-04:00,72730,,2026-06-08T04:00:00.000Z,5,,,,,
221176,2026-06-01T09:40:55.000-04:00,72836,,2026-06-17T04:00:00.000Z,12,,,,,
RG1064494,2026-06-01T09:42:25.000-04:00,72719,,2026-06-08T04:00:00.000Z,5,,,,,
165562,2026-06-01T09:43:14.000-04:00,72673,,2026-06-03T04:00:00.000Z,2,,,,,
5600005609,2026-06-01T09:39:20.000-04:00,73034,,2026-06-08T04:00:00.000Z,5,,,,,
4847,2026-06-01T10:01:15.000-04:00,72709,,2026-06-05T04:00:00.000Z,4,,,,,
63022,2026-06-01T10:13:27.000-04:00,72722,,2026-06-08T04:00:00.000Z,5,,,,,
210661,2026-06-01T11:12:42.000-04:00,72702,,2026-06-05T04:00:00.000Z,4,,,,,
432873,2026-06-01T11:50:04.000-04:00,72752,,2026-06-10T04:00:00.000Z,7,,,,,
PC052626,2026-06-01T11:47:49.000-04:00,72785,,2026-06-11T04:00:00.000Z,8,,,,,
93347,2026-06-01T11:45:20.000-04:00,72798,,2026-06-12T04:00:00.000Z,9,,,,,
26106563,2026-06-01T12:19:12.000-04:00,72694,,2026-06-04T04:00:00.000Z,3,,,,,
5600005609,2026-06-02T09:24:24.000-04:00,73034,,2026-06-08T04:00:00.000Z,4,,,,,
4061508,2026-06-01T12:44:35.000-04:00,72819,,2026-06-15T04:00:00.000Z,10,,,,,
RG1064493,2026-06-01T12:49:20.000-04:00,72781,,2026-06-11T04:00:00.000Z,8,,,,,
5600005609,2026-06-02T09:27:11.000-04:00,73034,,2026-06-08T04:00:00.000Z,4,,,,,
409189,2026-06-02T11:38:05.000-04:00,72706,,2026-06-05T04:00:00.000Z,3,,,,,
170669,2026-06-01T14:42:45.000-04:00,72757,,2026-06-10T04:00:00.000Z,7,,,,,
170659,2026-06-01T15:10:57.000-04:00,72656,,2026-06-01T04:00:00.000Z,0,,,,,
170670,2026-06-01T14:43:53.000-04:00,72756,,2026-06-10T04:00:00.000Z,7,,,,,
103271,2026-06-02T15:32:59.000-04:00,72701,,2026-06-05T04:00:00.000Z,3,,,,,
B3152569,2026-06-01T14:44:35.000-04:00,72725,,2026-06-08T04:00:00.000Z,5,,,,,
432225,2026-06-01T14:54:38.000-04:00,72871,,2026-06-22T04:00:00.000Z,15,,,,,
170661,2026-06-01T15:06:34.000-04:00,72655,,2026-06-01T04:00:00.000Z,0,,,,,
5600005609,2026-06-02T09:25:50.000-04:00,73034,,2026-06-08T04:00:00.000Z,4,,,,,
5600005609,2026-06-02T09:30:36.000-04:00,73034,,2026-06-08T04:00:00.000Z,4,,,,,
5600005609,2026-06-02T09:21:28.000-04:00,73034,,2026-06-08T04:00:00.000Z,4,,,,,
4505783550,2026-06-03T08:19:05.000-04:00,72698,,2026-06-04T04:00:00.000Z,1,,,,,
5600005609,2026-06-02T15:34:34.000-04:00,73034,,2026-06-08T04:00:00.000Z,4,,,,,
26106585,2026-06-02T15:35:32.000-04:00,72712,,2026-06-05T04:00:00.000Z,3,,,,,
409174,2026-06-02T11:32:36.000-04:00,72677,,2026-06-03T04:00:00.000Z,1,,,,,
4505777756,2026-06-03T08:26:16.000-04:00,72697,,2026-06-04T04:00:00.000Z,1,,,,,
4505777748,2026-06-03T08:22:46.000-04:00,72695,,2026-06-04T04:00:00.000Z,1,,,,,
4505777749,2026-06-03T08:25:01.000-04:00,72696,,2026-06-04T04:00:00.000Z,1,,,,,
RG1064490,2026-06-04T11:39:50.000-04:00,72804,,2026-06-12T04:00:00.000Z,6,,,,,
rg1064491,2026-06-04T11:41:54.000-04:00,72777,,2026-06-11T04:00:00.000Z,5,,,,,
RG1064474,2026-06-04T11:43:42.000-04:00,72897,,2026-06-23T04:00:00.000Z,13,,,,,
RG1064483,2026-06-04T11:46:10.000-04:00,72830,,2026-06-16T04:00:00.000Z,8,,,,,
RG1064489,2026-06-04T11:46:52.000-04:00,73004,,2026-07-03T04:00:00.000Z,21,,,,,
RG1064486,2026-06-04T11:47:39.000-04:00,72744,,2026-06-09T04:00:00.000Z,3,,,,,
RG1064488,2026-06-04T11:49:17.000-04:00,72723,,2026-06-08T04:00:00.000Z,2,,,,,
26106682,2026-06-04T11:49:51.000-04:00,73010,,2026-07-07T04:00:00.000Z,23,,,,,
26106688,2026-06-04T11:51:23.000-04:00,72821,,2026-06-16T04:00:00.000Z,8,,,,,
4500194853,2026-06-04T11:52:10.000-04:00,72900,,2026-06-24T04:00:00.000Z,14,,,,,
4500194855,2026-06-04T12:15:34.000-04:00,72899,,2026-06-24T04:00:00.000Z,14,,,,,
103292,2026-06-04T12:57:18.000-04:00,72720,,2026-06-08T04:00:00.000Z,2,,,,,
5600005609,2026-06-04T12:58:50.000-04:00,73034,,2026-06-16T04:00:00.000Z,8,,,,,
p2013,2026-06-04T13:03:03.000-04:00,72718,,2026-06-08T04:00:00.000Z,2,,,,,
70006855,2026-06-04T13:04:56.000-04:00,72831,,2026-06-16T04:00:00.000Z,8,,,,,
8004386,2026-06-05T08:08:29.000-04:00,72742,,2026-06-09T04:00:00.000Z,2,,,,,
210206,2026-06-05T09:01:07.000-04:00,72809,,2026-06-12T04:00:00.000Z,5,,,,,
5600005609,2026-06-08T08:25:59.000-04:00,73034,,2026-06-16T04:00:00.000Z,6,,,,,
165654,2026-06-08T08:27:57.000-04:00,72790,,2026-06-11T04:00:00.000Z,3,,,,,
165653,2026-06-08T08:29:31.000-04:00,72792,,2026-06-11T04:00:00.000Z,3,,,,,
165652,2026-06-08T08:30:36.000-04:00,72728,,2026-06-08T04:00:00.000Z,0,,,,,
26106845,2026-06-08T08:31:44.000-04:00,72802,,2026-06-12T04:00:00.000Z,4,,,,,
P2014,2026-06-08T08:34:25.000-04:00,72753,,2026-06-10T04:00:00.000Z,2,,,,,
7166,2026-06-08T08:35:14.000-04:00,72739,,2026-06-09T04:00:00.000Z,1,,,,,
PT5065,2026-06-08T08:37:06.000-04:00,72820,,2026-06-16T04:00:00.000Z,6,,,,,
26105753,2026-06-08T10:25:37.000-04:00,72846,,2026-06-18T04:00:00.000Z,8,,,,,
26106807,2026-06-08T10:27:12.000-04:00,72838,,2026-06-17T04:00:00.000Z,7,,,,,
26105717,2026-06-08T10:27:46.000-04:00,72891,,2026-06-23T04:00:00.000Z,11,,,,,
26106885,2026-06-08T10:29:27.000-04:00,72832,,2026-06-16T04:00:00.000Z,6,,,,,
26106823,2026-06-08T10:30:24.000-04:00,72789,,2026-06-11T04:00:00.000Z,3,,,,,
26106355,2026-06-08T10:31:55.000-04:00,72856,,2026-06-19T04:00:00.000Z,9,,,,,
20026477,2026-06-08T10:32:42.000-04:00,72856,,2026-06-19T04:00:00.000Z,9,,,,,
20026083,2026-06-08T10:35:25.000-04:00,72856,,2026-06-19T04:00:00.000Z,9,,,,,
20026082,2026-06-08T10:36:29.000-04:00,72856,,2026-06-19T04:00:00.000Z,9,,,,,
20024262,2026-06-08T10:38:16.000-04:00,72856,,2026-06-19T04:00:00.000Z,9,,,,,
20024261,2026-06-08T10:39:23.000-04:00,72856,,2026-06-19T04:00:00.000Z,9,,,,,
20023102,2026-06-08T10:44:15.000-04:00,72856,,2026-06-19T04:00:00.000Z,9,,,,,
20021534,2026-06-08T10:45:17.000-04:00,72811,,2026-06-12T04:00:00.000Z,4,,,,,
170734,2026-06-08T11:36:07.000-04:00,72755,,2026-06-10T04:00:00.000Z,2,,,,,
170735,2026-06-08T11:37:44.000-04:00,72834,,2026-06-17T04:00:00.000Z,7,,,,,
26106304,2026-06-08T11:38:37.000-04:00,72852,,2026-06-18T04:00:00.000Z,8,,,,,
37246,2026-06-08T11:52:23.000-04:00,72745,,2026-06-09T04:00:00.000Z,1,,,,,
37346,2026-06-08T11:53:56.000-04:00,72743,,2026-06-09T04:00:00.000Z,1,,,,,
PRE060326,2026-06-08T12:01:39.000-04:00,72949,,2026-06-26T04:00:00.000Z,14,,,,,
409313,2026-06-08T12:10:45.000-04:00,72754,,2026-06-10T04:00:00.000Z,2,,,,,
26106734,2026-06-08T12:19:35.000-04:00,72778,,2026-06-11T04:00:00.000Z,3,,,,,
63052,2026-06-08T12:41:40.000-04:00,72907,,2026-06-24T04:00:00.000Z,12,,,,,
7025758,2026-06-08T12:42:46.000-04:00,72783,,2026-06-11T04:00:00.000Z,3,,,,,
7025417,2026-06-08T12:44:28.000-04:00,72747,,2026-06-10T04:00:00.000Z,2,,,,,
158670,2026-06-08T12:47:31.000-04:00,72779,,2026-06-11T04:00:00.000Z,3,,,,,
5600005609,2026-06-08T16:04:38.000-04:00,73034,,2026-06-11T04:00:00.000Z,3,,,,,
8020845,2026-06-09T09:55:45.000-04:00,72803,,2026-06-12T04:00:00.000Z,3,,,,,
170782,2026-06-09T16:06:59.000-04:00,72833,,2026-06-17T04:00:00.000Z,6,,,,,
409442,2026-06-10T08:07:59.000-04:00,,,,,Yes,,,,
409531,2026-06-10T08:10:53.000-04:00,72746,,2026-06-10T04:00:00.000Z,0,,,,,
40009,2026-06-10T08:39:38.000-04:00,,,,,,,,,
p2015,2026-06-10T08:40:30.000-04:00,72824,,2026-06-16T04:00:00.000Z,4,,,,,
P2016,2026-06-10T08:42:31.000-04:00,72788,,2026-06-11T04:00:00.000Z,1,,,,,
5600005609,2026-06-10T08:43:38.000-04:00,73034,,2026-06-16T04:00:00.000Z,4,,,,,
242955,2026-06-10T08:48:00.000-04:00,,,2026-06-12T04:00:00.000Z,2,,,,,
432212,2026-06-10T10:05:59.000-04:00,72794,,2026-06-11T04:00:00.000Z,1,,,,,
409564,2026-06-10T11:08:04.000-04:00,72775,,2026-06-11T04:00:00.000Z,1,,,,,
5600005609,2026-06-10T11:13:21.000-04:00,73034,,2026-06-16T04:00:00.000Z,4,,,,,
63055,2026-06-10T11:15:22.000-04:00,72961,,2026-06-29T04:00:00.000Z,13,,,,,
63053,2026-06-10T11:19:45.000-04:00,72960,,2026-06-29T04:00:00.000Z,13,,,,,
170731,2026-06-10T11:21:27.000-04:00,72844,,2026-06-18T04:00:00.000Z,6,,,,,
170730,2026-06-10T11:22:02.000-04:00,,,2026-06-18T04:00:00.000Z,6,,,,,
170729,2026-06-10T11:22:50.000-04:00,73012,,2026-07-07T04:00:00.000Z,19,,,,,
170728,2026-06-10T11:24:02.000-04:00,72807,,2026-06-12T04:00:00.000Z,2,,,,,
170727,2026-06-10T11:24:51.000-04:00,73011,,2026-07-07T04:00:00.000Z,19,,,,,
170726,2026-06-10T11:26:54.000-04:00,72912,,2026-06-24T04:00:00.000Z,10,,,,,
63054,2026-06-10T12:13:18.000-04:00,72828,,2026-06-16T04:00:00.000Z,4,,,,,
PT4442,2026-06-10T13:31:46.000-04:00,72748,,2026-06-10T04:00:00.000Z,0,,,,,
167672,2026-06-10T14:58:01.000-04:00,72890,,2026-06-23T04:00:00.000Z,9,,,,,
431705,2026-06-10T15:55:28.000-04:00,72888,,2026-06-23T04:00:00.000Z,9,,,,,
5600005609,2026-06-11T08:45:10.000-04:00,73034,,2026-06-23T04:00:00.000Z,8,,,,,
5600005609,2026-06-11T08:47:07.000-04:00,73034,,2026-06-23T04:00:00.000Z,8,,,,,
5600005609,2026-06-11T08:48:00.000-04:00,73034,,2026-06-23T04:00:00.000Z,8,,,,,
5600005609,2026-06-11T08:50:00.000-04:00,73034,,2026-06-23T04:00:00.000Z,8,,,,,
5600005609,2026-06-11T08:54:04.000-04:00,73034,,2026-06-23T04:00:00.000Z,8,,,,,
5600005609,2026-06-11T08:56:18.000-04:00,73034,,2026-06-23T04:00:00.000Z,8,,,,,
5600005609,2026-06-11T08:57:26.000-04:00,73034,,2026-06-23T04:00:00.000Z,8,,,,,
5600005609,2026-06-11T08:59:11.000-04:00,73034,,2026-06-23T04:00:00.000Z,8,,,,,
5600005609,2026-06-11T09:28:14.000-04:00,73034,,2026-06-23T04:00:00.000Z,8,,,,,
5600005609,2026-06-11T09:30:06.000-04:00,73034,,2026-06-23T04:00:00.000Z,8,,,,,
5600005609,2026-06-11T09:31:17.000-04:00,73034,,2026-06-23T04:00:00.000Z,8,,,,,
5600005609,2026-06-11T09:33:13.000-04:00,73034,,2026-06-23T04:00:00.000Z,8,,,,,
24120,2026-06-11T11:14:56.000-04:00,72806,,2026-06-12T04:00:00.000Z,1,,,,,
24122,2026-06-11T11:20:57.000-04:00,72967,,2026-07-01T04:00:00.000Z,14,,,,,
samples,2026-06-11T11:23:07.000-04:00,72812,,2026-06-15T04:00:00.000Z,2,,,,,
7026708,2026-06-11T11:25:28.000-04:00,73002,,2026-07-06T04:00:00.000Z,17,,,,,
206871,2026-06-11T11:28:57.000-04:00,72810,,2026-06-12T04:00:00.000Z,1,,,,,
221316,2026-06-11T11:29:44.000-04:00,72903,,2026-06-24T04:00:00.000Z,9,,,,,
26106174,2026-06-11T11:31:01.000-04:00,,,,,Yes,,,,
432627,2026-06-11T11:59:31.000-04:00,72872,,2026-06-22T04:00:00.000Z,7,,,,,
432214,2026-06-11T12:01:30.000-04:00,72887,,2026-06-23T04:00:00.000Z,8,,,,,
5600005609,2026-06-11T12:03:35.000-04:00,73034,,2026-06-23T04:00:00.000Z,8,,,,,
samples,2026-06-11T12:05:25.000-04:00,72812,,2026-06-15T04:00:00.000Z,2,,,,,
93371,2026-06-11T12:07:02.000-04:00,73066,,2026-06-18T04:00:00.000Z,5,,,,,
433552,2026-06-11T12:09:48.000-04:00,72823,,2026-06-16T04:00:00.000Z,3,,,,,
433395,2026-06-11T12:13:51.000-04:00,72862,,2026-06-19T04:00:00.000Z,6,,,,,
PT5076,2026-06-11T12:47:06.000-04:00,72946,,2026-06-26T04:00:00.000Z,11,,,,,
409630,2026-06-11T12:48:14.000-04:00,72808,,2026-06-12T04:00:00.000Z,1,,,,,
5600005609,2026-06-11T12:49:25.000-04:00,73034,,2026-06-23T04:00:00.000Z,8,,,,,
138823,2026-06-11T12:50:24.000-04:00,72848,,2026-06-18T04:00:00.000Z,5,,,,,
2606043,2026-06-11T12:55:07.000-04:00,72829,,2026-06-16T04:00:00.000Z,3,,,,,
170755,2026-06-12T12:20:37.000-04:00,73013,,2026-07-07T04:00:00.000Z,17,,,,,
170751,2026-06-12T12:22:18.000-04:00,73014,,2026-07-07T04:00:00.000Z,17,,,,,
170752,2026-06-12T12:22:55.000-04:00,72840,,2026-06-17T04:00:00.000Z,3,,,,,
170753,2026-06-12T12:25:13.000-04:00,73021,,2026-07-07T04:00:00.000Z,17,,,,,
4007326,2026-06-15T08:00:47.000-04:00,72842,,2026-06-18T04:00:00.000Z,3,,,,,
4007327,2026-06-15T08:02:43.000-04:00,72972,,2026-07-01T04:00:00.000Z,12,,,,,
4007328,2026-06-15T08:15:52.000-04:00,72843,,2026-06-18T04:00:00.000Z,3,,,,,
4007329,2026-06-15T08:17:35.000-04:00,72973,,2026-07-01T04:00:00.000Z,12,,,,,
5600005609,2026-06-15T08:19:45.000-04:00,73034,,2026-06-23T04:00:00.000Z,6,,,,,
5600005609,2026-06-15T08:21:07.000-04:00,73034,,2026-06-23T04:00:00.000Z,6,,,,,
335,2026-06-15T09:03:01.000-04:00,72942,,2026-06-26T04:00:00.000Z,9,,,,,
409682,2026-06-15T09:06:42.000-04:00,72876,,2026-06-22T04:00:00.000Z,5,,,,,
35435,2026-06-15T09:08:16.000-04:00,72837,,2026-06-17T04:00:00.000Z,2,,,,,
103340,2026-06-15T09:10:41.000-04:00,72873,,2026-06-22T04:00:00.000Z,5,,,,,
35436,2026-06-15T10:21:24.000-04:00,72847,,2026-06-18T04:00:00.000Z,3,,,,,
35434,2026-06-15T10:23:59.000-04:00,72826,,2026-06-16T04:00:00.000Z,1,,,,,
138825,2026-06-15T10:24:57.000-04:00,72965,,2026-06-30T04:00:00.000Z,11,,,,,
138824,2026-06-15T10:27:05.000-04:00,72962,,2026-06-29T04:00:00.000Z,10,,,,,
138826,2026-06-15T10:47:40.000-04:00,,,,,Yes,,,,
341414,2026-06-15T12:19:00.000-04:00,72869,,2026-06-22T04:00:00.000Z,5,,,,,
2035,2026-06-15T12:21:28.000-04:00,72874,,2026-06-22T04:00:00.000Z,5,,,,,
2033,2026-06-15T12:23:05.000-04:00,72883,,2026-06-22T04:00:00.000Z,5,,,,,
2031,2026-06-15T12:26:31.000-04:00,72827,,2026-06-16T04:00:00.000Z,1,,,,,
1792930,2026-06-15T12:34:24.000-04:00,72878,,2026-06-22T04:00:00.000Z,5,,,,,
D73163,2026-06-15T12:50:44.000-04:00,73079,,2026-07-09T04:00:00.000Z,18,,,,,
26107203,2026-06-15T13:06:08.000-04:00,72857,,2026-06-19T04:00:00.000Z,4,,,,,
26107177,2026-06-15T13:07:21.000-04:00,72937,,2026-06-25T04:00:00.000Z,8,,,,,
26107201,2026-06-15T13:08:15.000-04:00,,,,,Yes,,,,
26107188,2026-06-15T13:09:29.000-04:00,72879,,2026-06-22T04:00:00.000Z,5,,,,,
138835,2026-06-15T14:05:00.000-04:00,73020,,2026-07-07T04:00:00.000Z,16,,,,,
138833,2026-06-15T14:07:51.000-04:00,72958,,2026-06-29T04:00:00.000Z,10,,,,,
138834,2026-06-15T14:09:47.000-04:00,72957,,2026-06-29T04:00:00.000Z,10,,,,,
152772,2026-06-15T14:12:48.000-04:00,72849,,2026-06-18T04:00:00.000Z,3,,,,,
233682,2026-06-15T14:14:06.000-04:00,72885,,2026-06-22T04:00:00.000Z,5,,,,,
26107205,2026-06-15T14:14:48.000-04:00,73030,,2026-07-08T04:00:00.000Z,17,,,,,
9869,2026-06-15T14:15:59.000-04:00,72910,,2026-06-24T04:00:00.000Z,7,,,,,
RG1064524,2026-06-15T16:24:48.000-04:00,72904,,2026-06-24T04:00:00.000Z,7,,,,,
samples 6926,2026-06-16T08:54:42.000-04:00,72997,,2026-07-02T04:00:00.000Z,12,,,,,
432869,2026-06-16T08:55:50.000-04:00,72867,,2026-06-22T04:00:00.000Z,4,,,,,
4500195711,2026-06-16T09:17:59.000-04:00,72911,,2026-06-24T04:00:00.000Z,6,,,,,
4500195678,2026-06-16T09:19:45.000-04:00,72859,,2026-06-19T04:00:00.000Z,3,,,,,
17316,2026-06-16T09:20:42.000-04:00,73006,,2026-07-03T04:00:00.000Z,13,,,,,
430186,2026-06-16T09:22:40.000-04:00,73023,,2026-07-07T04:00:00.000Z,15,,,,,
63065,2026-06-16T09:55:12.000-04:00,72969,,2026-07-01T04:00:00.000Z,11,,,,,
165745,2026-06-16T09:56:59.000-04:00,72850,,2026-06-18T04:00:00.000Z,2,,,,,
-14,2026-06-16T09:58:25.000-04:00,72978,,2026-07-01T04:00:00.000Z,11,,,,,
63032,2026-06-16T10:01:36.000-04:00,72905,,2026-06-24T04:00:00.000Z,6,,,,,
44851,2026-06-16T10:10:18.000-04:00,72868,,2026-06-22T04:00:00.000Z,4,,,,,
42906,2026-06-16T10:17:07.000-04:00,72835,,2026-06-17T04:00:00.000Z,1,,,,,
34853,2026-06-16T16:10:32.000-04:00,72947,,2026-06-26T04:00:00.000Z,8,,,,,
29563,2026-06-17T08:13:25.000-04:00,72938,,2026-06-25T04:00:00.000Z,6,,,,,
63066,2026-06-17T08:45:36.000-04:00,72870,,2026-06-22T04:00:00.000Z,3,,,,,
8004440,2026-06-17T08:46:38.000-04:00,72841,,2026-06-17T04:00:00.000Z,0,,,,,
165750,2026-06-17T08:48:24.000-04:00,73026,,2026-07-08T04:00:00.000Z,15,,,,,
165749,2026-06-17T08:49:04.000-04:00,72858,,2026-06-19T04:00:00.000Z,2,,,,,
40066,2026-06-17T08:50:47.000-04:00,72860,,2026-06-19T04:00:00.000Z,2,,,,,
4500191381,2026-06-17T10:45:25.000-04:00,72889,,2026-06-23T04:00:00.000Z,4,,,,,
4500194852,2026-06-17T10:48:07.000-04:00,72934,,2026-06-25T04:00:00.000Z,6,,,,,
P35455,2026-06-17T10:50:50.000-04:00,72935,,2026-06-25T04:00:00.000Z,6,,,,,
P170844,2026-06-17T11:30:51.000-04:00,72854,,2026-06-19T04:00:00.000Z,2,,,,,
2606066,2026-06-18T11:05:28.000-04:00,72906,,2026-06-24T04:00:00.000Z,4,,,,,
98-1760,2026-06-18T11:08:59.000-04:00,72948,,2026-06-26T04:00:00.000Z,6,,,,,
PT4715,2026-06-18T11:10:02.000-04:00,72950,,2026-06-26T04:00:00.000Z,6,,,,,
138852,2026-06-18T11:11:51.000-04:00,72909,,2026-06-24T04:00:00.000Z,4,,,,,
2534,2026-06-18T11:14:43.000-04:00,72944,,2026-06-26T04:00:00.000Z,6,,,,,
6083-BRO,2026-06-18T12:02:57.000-04:00,72943,,2026-06-26T04:00:00.000Z,6,,,,,
341623,2026-06-18T12:24:13.000-04:00,72892,,2026-06-23T04:00:00.000Z,3,,,,,
5600005609,2026-06-18T12:32:28.000-04:00,73034,,2026-07-08T04:00:00.000Z,14,,,,,
17332,2026-06-18T12:34:54.000-04:00,72908,,2026-06-24T04:00:00.000Z,4,,,,,
70009304,2026-06-18T12:36:11.000-04:00,72936,,2026-06-25T04:00:00.000Z,5,,,,,
26107363,2026-06-18T12:47:44.000-04:00,72886,,2026-06-22T04:00:00.000Z,2,,,,,
26107355,2026-06-18T12:49:24.000-04:00,73000,,2026-07-02T04:00:00.000Z,10,,,,,
26107357,2026-06-18T13:00:18.000-04:00,73044,,2026-07-09T04:00:00.000Z,15,,,,,
PT5184,2026-06-18T13:37:22.000-04:00,72945,,2026-06-26T04:00:00.000Z,6,,,,,
165780,2026-06-18T13:40:03.000-04:00,72881,,2026-06-22T04:00:00.000Z,2,,,,,
409913,2026-06-18T13:42:15.000-04:00,72953,,2026-06-29T04:00:00.000Z,7,,,,,
409886,2026-06-18T15:38:19.000-04:00,72902,,2026-06-24T04:00:00.000Z,4,,,,,
17335,2026-06-18T15:41:07.000-04:00,72970,,2026-07-01T04:00:00.000Z,9,,,,,
RG1064517,2026-06-18T16:06:17.000-04:00,,,,,Yes,,,,
433021,2026-06-19T08:26:49.000-04:00,,,,,Yes,,,,
168344,2026-06-19T10:25:24.000-04:00,73008,,2026-07-06T04:00:00.000Z,11,,,,,
168315,2026-06-19T10:26:45.000-04:00,72971,,2026-07-01T04:00:00.000Z,8,,,,,
5600005609,2026-06-19T10:44:27.000-04:00,73034,,2026-07-08T04:00:00.000Z,13,,,,,
5600005609,2026-06-19T10:46:22.000-04:00,73034,,2026-07-08T04:00:00.000Z,13,,,,,
5600005609,2026-06-19T10:47:37.000-04:00,73034,,2026-07-08T04:00:00.000Z,13,,,,,
5600005609,2026-06-19T10:48:58.000-04:00,73034,,2026-07-08T04:00:00.000Z,13,,,,,
5600005609,2026-06-19T10:50:58.000-04:00,73034,,2026-07-08T04:00:00.000Z,13,,,,,
5600005609,2026-06-19T10:53:22.000-04:00,73034,,2026-07-08T04:00:00.000Z,13,,,,,
5600005609,2026-06-19T10:55:08.000-04:00,73034,,2026-07-08T04:00:00.000Z,13,,,,,
5600005609,2026-06-19T10:56:22.000-04:00,73034,,2026-07-08T04:00:00.000Z,13,,,,,
5600005609,2026-06-19T10:58:36.000-04:00,73034,,2026-07-08T04:00:00.000Z,13,,,,,
5600005609,2026-06-19T11:08:42.000-04:00,73034,,2026-07-08T04:00:00.000Z,13,,,,,
5600005609,2026-06-19T11:11:47.000-04:00,73034,,2026-07-08T04:00:00.000Z,13,,,,,
5600005609,2026-06-19T11:13:43.000-04:00,73034,,2026-07-08T04:00:00.000Z,13,,,,,
5600005609,2026-06-19T11:16:12.000-04:00,73034,,2026-07-08T04:00:00.000Z,13,,,,,
5600005609,2026-06-19T11:29:14.000-04:00,73034,,2026-07-08T04:00:00.000Z,13,,,,,
5600005609,2026-06-19T11:38:12.000-04:00,73034,,2026-07-08T04:00:00.000Z,13,,,,,
410012,2026-06-22T08:21:55.000-04:00,72933,,2026-06-25T04:00:00.000Z,3,,,,,
37508,2026-06-22T08:35:48.000-04:00,72988,,2026-07-02T04:00:00.000Z,8,,,,,
63952,2026-06-22T08:37:55.000-04:00,73016,,2026-07-07T04:00:00.000Z,11,,,,,
93390,2026-06-22T09:52:01.000-04:00,73065,,2026-06-25T04:00:00.000Z,3,,,,,
8004461,2026-06-22T12:00:22.000-04:00,72999,,2026-07-02T04:00:00.000Z,8,,,,,
170887,2026-06-23T11:59:07.000-04:00,72932,,2026-06-25T04:00:00.000Z,2,,,,,
170886,2026-06-23T11:56:29.000-04:00,72931,,2026-06-25T04:00:00.000Z,2,,,,,
170885,2026-06-23T11:54:53.000-04:00,72894,,2026-06-23T04:00:00.000Z,0,,,,,
35448,2026-06-24T10:17:51.000-04:00,72977,,2026-07-01T04:00:00.000Z,5,,,,,
410136,2026-06-24T10:48:42.000-04:00,72993,,2026-07-02T04:00:00.000Z,6,,,,,
35447,2026-06-24T10:09:00.000-04:00,73018,,2026-07-07T04:00:00.000Z,9,,,,,
35445,2026-06-24T10:16:28.000-04:00,72976,,2026-07-01T04:00:00.000Z,5,,,,,
35446,2026-06-24T10:07:33.000-04:00,72974,,2026-07-01T04:00:00.000Z,5,,,,,
35449,2026-06-24T10:14:49.000-04:00,72975,,2026-07-01T04:00:00.000Z,5,,,,,
26107539,2026-06-24T10:44:24.000-04:00,73001,,2026-07-06T04:00:00.000Z,8,,,,,
26107538,2026-06-24T10:46:01.000-04:00,72992,,2026-07-02T04:00:00.000Z,6,,,,,
43901,2026-06-24T13:53:00.000-04:00,,,,,Yes,,,,
7PS000876,2026-06-25T15:22:39.000-04:00,72998,,2026-07-02T04:00:00.000Z,5,,,,,
5600005609,2026-06-25T14:20:54.000-04:00,73034,,2026-07-08T04:00:00.000Z,9,,,,,
5600005609,2026-06-25T14:23:20.000-04:00,73034,,2026-07-08T04:00:00.000Z,9,,,,,
5600005609,2026-06-25T14:26:17.000-04:00,73034,,2026-07-08T04:00:00.000Z,9,,,,,
26-16677,2026-06-25T11:28:25.000-04:00,72952,,2026-06-29T04:00:00.000Z,2,,,,,
103432,2026-06-25T11:27:47.000-04:00,72956,,2026-06-29T04:00:00.000Z,2,,,,,
26107537,2026-06-25T11:25:51.000-04:00,72951,,2026-06-26T04:00:00.000Z,1,,,,,
165744,2026-06-25T13:12:09.000-04:00,72959,,2026-06-29T04:00:00.000Z,2,,,,,
5600005609,2026-06-25T13:10:44.000-04:00,73034,,2026-07-08T04:00:00.000Z,9,,,,,
P2606092,2026-06-25T13:57:25.000-04:00,73029,,2026-07-08T04:00:00.000Z,9,,,,,
5600005609,2026-06-25T14:24:16.000-04:00,73034,,2026-07-08T04:00:00.000Z,9,,,,,
5600005609,2026-06-29T09:33:54.000-04:00,73034,,2026-07-08T04:00:00.000Z,7,,,,,
RG1064533,2026-06-29T08:32:57.000-04:00,72987,,2026-07-01T04:00:00.000Z,2,,,,,
4058746,2026-06-25T15:52:04.000-04:00,72941,,2026-06-25T04:00:00.000Z,0,,,,,
17316,2026-06-29T10:16:27.000-04:00,73006,,2026-07-03T04:00:00.000Z,4,,,,,
p15234,2026-06-29T10:45:41.000-04:00,72994,,2026-07-02T04:00:00.000Z,3,,,,,
RG1064532,2026-06-29T08:31:41.000-04:00,73027,,2026-07-08T04:00:00.000Z,7,,,,,
P170859,2026-06-29T08:34:07.000-04:00,73051,,2026-07-08T04:00:00.000Z,7,,,,,
62226,2026-06-29T08:30:00.000-04:00,72991,,2026-07-02T04:00:00.000Z,3,,,,,
138914,2026-06-29T09:07:37.000-04:00,72966,,2026-06-30T04:00:00.000Z,1,,,,,
26107668,2026-06-29T13:08:31.000-04:00,72968,,2026-07-01T04:00:00.000Z,2,,,,,
138917,2026-06-29T09:10:25.000-04:00,72982,,2026-07-01T04:00:00.000Z,2,,,,,
26107676,2026-06-29T12:43:22.000-04:00,73009,,2026-07-06T04:00:00.000Z,5,,,,,
410138,2026-06-29T09:24:14.000-04:00,72995,,2026-07-02T04:00:00.000Z,3,,,,,
138918,2026-06-29T09:14:56.000-04:00,72983,,2026-07-01T04:00:00.000Z,2,,,,,
138919,2026-06-29T09:16:59.000-04:00,73033,,2026-07-08T04:00:00.000Z,7,,,,,
2606105,2026-06-29T10:24:47.000-04:00,73080,,2026-07-13T04:00:00.000Z,10,,,,,
26107674,2026-06-29T13:26:52.000-04:00,72986,,2026-07-01T04:00:00.000Z,2,,,,,
P263681,2026-06-30T11:32:03.000-04:00,72979,,2026-07-01T04:00:00.000Z,1,,,,,
22685,2026-06-30T12:23:08.000-04:00,72981,,2026-07-01T04:00:00.000Z,1,,,,,
7185,2026-06-30T10:53:56.000-04:00,72990,,2026-07-02T04:00:00.000Z,2,,,,,
63126,2026-06-29T12:37:59.000-04:00,73022,,2026-07-07T04:00:00.000Z,6,,,,,
63117,2026-06-29T12:42:02.000-04:00,73005,,2026-07-03T04:00:00.000Z,4,,,,,
26105754,2026-06-29T13:09:37.000-04:00,73082,,2026-07-13T04:00:00.000Z,10,Yes,,,,
26106339,2026-06-29T13:25:21.000-04:00,73090,,2026-07-14T04:00:00.000Z,11,Yes,,,,
410057,2026-06-29T13:35:34.000-04:00,72989,,2026-07-02T04:00:00.000Z,3,,,,,
7030399,2026-06-30T10:50:11.000-04:00,72984,,2026-07-01T04:00:00.000Z,1,,,,,
206959,2026-06-30T10:52:55.000-04:00,73019,,2026-07-07T04:00:00.000Z,5,,,,,
432871,2026-06-30T10:55:28.000-04:00,,,,,Yes,,,,
AG062326,2026-06-30T11:21:27.000-04:00,73007,,2026-07-03T04:00:00.000Z,3,,,,,
63104,2026-06-30T11:33:54.000-04:00,,,,,Yes,,,,
PO43444,2026-06-30T11:30:44.000-04:00,,,,,,,,,
26107793,2026-06-30T12:28:55.000-04:00,73045,,2026-07-09T04:00:00.000Z,7,,,,,
4007371,2026-06-30T15:29:07.000-04:00,,,,,Yes,,,,
7007372,2026-06-30T15:28:10.000-04:00,,,,,Yes,,,,
5600005609,2026-07-02T11:44:03.000-04:00,73034,,2026-07-08T04:00:00.000Z,4,,,,,
5600005609,2026-07-02T11:08:25.000-04:00,73034,,2026-07-08T04:00:00.000Z,4,,,,,
5600005609,2026-07-02T11:41:55.000-04:00,73034,,2026-07-08T04:00:00.000Z,4,,,,,
5600005609,2026-07-02T11:45:14.000-04:00,73034,,2026-07-08T04:00:00.000Z,4,,,,,
5600005609,2026-07-02T11:03:01.000-04:00,73034,,2026-07-08T04:00:00.000Z,4,,,,,
5600005609,2026-07-02T11:04:12.000-04:00,73034,,2026-07-08T04:00:00.000Z,4,,,,,
5600005609,2026-07-02T11:18:19.000-04:00,73034,,2026-07-08T04:00:00.000Z,4,,,,,
5600005609,2026-07-02T11:23:22.000-04:00,73034,,2026-07-08T04:00:00.000Z,4,,,,,
5600005609,2026-07-02T11:40:43.000-04:00,73034,,2026-07-08T04:00:00.000Z,4,,,,,
5600005609,2026-07-02T11:24:48.000-04:00,73034,,2026-07-08T04:00:00.000Z,4,,,,,
5600005609,2026-07-02T11:30:51.000-04:00,73034,,2026-07-08T04:00:00.000Z,4,,,,,
26106338,2026-07-06T08:33:48.000-04:00,,,,,,,,,
410388,2026-07-06T08:36:30.000-04:00,,,,,,,,,
2606123,2026-07-06T08:37:59.000-04:00,73081,,2026-07-13T04:00:00.000Z,5,,,,,
2606130,2026-07-06T08:39:36.000-04:00,,,,,,,,,
26107908,2026-07-06T09:09:57.000-04:00,,,,,,,,,
26107773,2026-07-06T09:11:44.000-04:00,,,,,,,,,
26106160,2026-07-06T09:12:21.000-04:00,,,,,,,,,
70009878,2026-07-06T09:13:49.000-04:00,,,,,,,,,
p170923,2026-07-06T09:24:52.000-04:00,73083,,2026-07-13T04:00:00.000Z,5,,,,,
206981,2026-07-06T09:26:41.000-04:00,73087,,2026-07-13T04:00:00.000Z,5,,,,,
P2064,2026-07-06T09:27:46.000-04:00,,,,,,,,,
63152,2026-07-06T09:52:01.000-04:00,,,,,,,,,
6135-bro,2026-07-06T09:54:24.000-04:00,,,,,,,,,
W3122783,2026-07-06T10:06:09.000-04:00,,,,,,,,,
40123,2026-07-06T10:20:11.000-04:00,,,,,,,,,
RG1064551,2026-07-06T10:20:54.000-04:00,,,,,,,,,
138926,2026-07-06T10:38:05.000-04:00,,,,,,,,,
138920,2026-07-06T10:39:41.000-04:00,,,,,,,,,
42915-m,2026-07-06T10:41:13.000-04:00,,,,,,,,,
42914-m,2026-07-06T10:42:45.000-04:00,73036,,2026-07-09T04:00:00.000Z,3,,,,,
410580,2026-07-06T12:36:51.000-04:00,73037,,2026-07-09T04:00:00.000Z,3,,,,,
29690,2026-07-07T09:27:00.000-04:00,,,,,,,,,
70008502,2026-07-07T09:33:28.000-04:00,,,,,,,,,
70009264,2026-07-07T09:34:41.000-04:00,,,,,,,,,
5600005609,2026-07-07T09:38:48.000-04:00,73034,,2026-07-08T04:00:00.000Z,1,,,,,
5600005609,2026-07-07T09:40:46.000-04:00,73034,,2026-07-08T04:00:00.000Z,1,,,,,
5600005609,2026-07-07T09:43:06.000-04:00,73034,,2026-07-08T04:00:00.000Z,1,,,,,
5600005609,2026-07-07T09:47:36.000-04:00,73034,,2026-07-08T04:00:00.000Z,1,,,,,
5600005609,2026-07-07T09:49:34.000-04:00,73034,,2026-07-08T04:00:00.000Z,1,,,,,
5600005609,2026-07-07T09:51:32.000-04:00,73034,,2026-07-08T04:00:00.000Z,1,,,,,
5600005609,2026-07-07T09:52:52.000-04:00,73034,,2026-07-08T04:00:00.000Z,1,,,,,
42987,2026-07-07T10:31:44.000-04:00,,,,,,,,,
42988-M,2026-07-07T13:33:33.000-04:00,,,,,,,,,
26107973,2026-07-08T10:32:22.000-04:00,,,,,,,,,
26107972,2026-07-08T10:33:45.000-04:00,,,,,,,,,
26107975,2026-07-08T10:34:30.000-04:00,,,,,,,,,
26108045,2026-07-08T10:36:02.000-04:00,73043,,2026-07-09T04:00:00.000Z,1,,,,,
26107970,2026-07-08T10:36:47.000-04:00,,,,,,,,,
26107852,2026-07-08T10:38:13.000-04:00,73092,,2026-07-14T04:00:00.000Z,4,,,,,
342418,2026-07-08T11:08:21.000-04:00,,,,,,,,,
16615582,2026-07-08T11:10:11.000-04:00,,,,,,,,,
AM260702,2026-07-08T11:11:29.000-04:00,,,,,,,,,
RG1064562,2026-07-08T11:13:49.000-04:00,,,,,,,,,
165446,2026-07-08T11:15:06.000-04:00,,,,,,,,,
165446,2026-07-08T11:15:06.000-04:00,,,,,,,,,
17361,2026-07-08T11:16:17.000-04:00,,,,,,,,,
1795363,2026-07-08T11:35:12.000-04:00,73086,,2026-07-13T04:00:00.000Z,3,,,,,
8004523,2026-07-08T11:37:06.000-04:00,,,,,,,,,
433147,2026-07-08T11:37:58.000-04:00,,,,,,,,,
165999,2026-07-08T11:39:18.000-04:00,,,,,,,,,
166000,2026-07-08T11:40:46.000-04:00,,,,,,,,,
RG1064558,2026-07-08T11:41:59.000-04:00,,,,,,,,,
4505819934,2026-07-08T11:43:37.000-04:00,,,,,,,,,
2607009,2026-07-08T12:06:57.000-04:00,,,,,,,,,
2607010,2026-07-08T12:09:37.000-04:00,,,,,,,,,
2607002,2026-07-08T12:20:24.000-04:00,,,,,,,,,
1175111,2026-07-08T12:22:27.000-04:00,73084,,2026-07-13T04:00:00.000Z,3,,,,,
171011,2026-07-09T11:22:44.000-04:00,73042,,,,,,,,
171009,2026-07-09T11:23:44.000-04:00,73041,,,,,,,,
171010,2026-07-09T11:24:34.000-04:00,73040,,,,,,,,
171008,2026-07-09T11:25:33.000-04:00,73039,,,,,,,,
171007,2026-07-09T11:26:16.000-04:00,73038,,,,,,,,
5600005609,2026-07-10T11:13:53.000-04:00,73034,,,,,,,,
24121,2026-07-10T11:48:06.000-04:00,,,,,,,,,
p171047,2026-07-10T11:52:33.000-04:00,,,,,,,,,
p171048,2026-07-10T11:53:37.000-04:00,,,,,,,,,
p2062,2026-07-10T12:12:27.000-04:00,,,,,,,,,
6135-bro,2026-07-10T13:03:27.000-04:00,,,,,,,,,
211564,2026-07-10T15:45:50.000-04:00,,,,,,,,,
22235-COE,2026-07-10T15:48:07.000-04:00,,,,,,,,,
5600005609,2026-07-10T15:55:35.000-04:00,73034,,,,,,,,
5600005609,2026-07-10T15:59:36.000-04:00,73034,,,,,,,,
110F,2026-07-10T16:01:55.000-04:00,,,,,,,,,
5600005609,2026-07-10T16:03:43.000-04:00,73034,,,,,,,,
5600005609,2026-07-10T16:06:09.000-04:00,73034,,,,,,,,
5600005609,2026-07-10T16:07:39.000-04:00,73034,,,,,,,,
5600005609,2026-07-10T16:09:34.000-04:00,73034,,,,,,,,
171051,2026-07-13T08:06:26.000-04:00,,,,,,,,,
5600005609,2026-07-13T09:04:15.000-04:00,,,,,,,,,
PT5165,2026-07-13T09:05:42.000-04:00,,,,,,,,,
PT5189,2026-07-13T09:06:20.000-04:00,,,,,,,,,
93431,2026-07-13T09:07:29.000-04:00,,,,,,,,,
63166,2026-07-13T09:08:15.000-04:00,73089,,2026-07-14T04:00:00.000Z,1,,,,,
63165,2026-07-13T09:09:44.000-04:00,,,,,,,,,
2607032,2026-07-13T12:09:19.000-04:00,,,,,,,,,
70726,2026-07-13T12:31:21.000-04:00,,,,,,,,,
2607012,2026-07-13T12:35:11.000-04:00,,,,,,,,,
26108025,2026-07-13T12:36:16.000-04:00,,,,,,,,,
26108184,2026-07-13T12:39:20.000-04:00,,,,,,,,,
26108012,2026-07-13T12:40:43.000-04:00,,,,,,,,,
P159361,2026-07-13T12:41:54.000-04:00,,,,,,,,,
26107735,2026-07-13T13:00:22.000-04:00,,,,,,,,,
26107190,2026-07-13T13:01:36.000-04:00,,,,,,,,,
8004545,2026-07-13T13:02:14.000-04:00,,,,,,,,,
3816,2026-07-13T14:03:20.000-04:00,,,,,,,,,
64108,2026-07-13T16:13:23.000-04:00,,,,,,,,,
4062468,2026-07-13T16:21:49.000-04:00,,,,,,,,,
394,2026-07-14T08:27:57.000-04:00,,,,,,,,,
410832,2026-07-14T08:41:44.000-04:00,,,,,,,,,
7032506,2026-07-14T08:43:17.000-04:00,,,,,,,,,
26108246,2026-07-14T09:12:35.000-04:00,,,,,,,,,
26108019,2026-07-14T09:14:14.000-04:00,,,,,,,,,
2607047,2026-07-14T10:12:20.000-04:00,,,,,,,,,
RG1064591,2026-07-14T10:15:49.000-04:00,,,,,,,,,
171090,2026-07-14T13:19:29.000-04:00,,,,,,,,,